customer_id,first_name,last_name,email,password,phone
87696351,William,Smith,william.smith@example.com,T^RF6HjcL!,+44 7182-155-577
82757554,Oscar,Brown,oscar.brown@example.com,G2Pc5ZuP%q,+44 7515-301-286
76391110,Thomas,Smith,thomas.smith@example.com,^d+9oNit5+,+44 7801-878-891
91750637,Harry,Williams,harry.williams@example.com,B8JmhXJg(%,+44 7443-932-999
89164479,Jacob,Taylor,jacob.taylor@example.com,$k2dJwsnk+,+44 7308-573-327
55019874,Jack,Brown,jack.brown@example.com,*2Derm31(C,+44 7427-807-411
00639625,Jacob,Wright,jacob.wright@example.com,4C@VVeqy!M,+44 7947-198-556
59878574,Jacob,Smith,jacob.smith@example.com,T$2HRX4a+6,+44 7688-805-371
78734798,Jacob,Jones,jacob.jones@example.com,$l73CXo75c,+44 7974-534-883
01501112,Charlie,Smith,charlie.smith@example.com,4%H92REs#7,+44 7478-724-357
12405407,William,Smith,william.smith@example.com,G&n8Hij%W!,+44 7708-954-220
74106642,George,Brown,george.brown@example.com,)@a6AJFs5+,+44 7114-612-380
23293126,Thomas,Williams,thomas.williams@example.com,m77V2d9d#y,+44 7300-996-385
40280925,Harry,Williams,harry.williams@example.com,Kgl#4Ubow7,+44 7526-910-474
57739797,Harry,Robinson,harry.robinson@example.com,cH6sAekqb&,+44 7881-385-899
96558739,Oliver,Taylor,oliver.taylor@example.com,P*74zBto^m,+44 7683-609-862
87533614,Jacob,Wright,jacob.wright@example.com,PYd%vC%s$0,+44 7622-974-192
75509325,Jack,Williams,jack.williams@example.com,dFb%P8Dosf,+44 7916-102-891
08575435,Oliver,Williams,oliver.williams@example.com,3u^1HNhRN*,+44 7596-425-919
96778440,James,Williams,james.williams@example.com,$^rVQPdv19,+44 7821-487-243
81166004,William,Smith,william.smith@example.com,@kA8DxDcHY,+44 7494-517-917
04374438,James,Robinson,james.robinson@example.com,^e)Mu0Q+(4,+44 7215-393-192
20457333,Harry,Jones,harry.jones@example.com,m!(3kCGrLD,+44 7209-440-815
03088299,Oliver,Johnson,oliver.johnson@example.com,V&5NWKwvjd,+44 7907-823-452
90445314,Charlie,Wright,charlie.wright@example.com,(9#09JegHL,+44 7459-301-165
24460204,Oliver,Jones,oliver.jones@example.com,#XE5JN8p#P,+44 7855-721-176
89534453,James,Jones,james.jones@example.com,E_9U397jy#,+44 7257-170-937
12267203,Thomas,Taylor,thomas.taylor@example.com,GMC4UlR&*L,+44 7999-729-829
56208537,Thomas,Robinson,thomas.robinson@example.com,6Z&$5Eo5s^,+44 7397-386-648
27132729,William,Taylor,william.taylor@example.com,X6+iX5EvkF,+44 7628-834-334
46783251,Jack,Wilson,jack.wilson@example.com,+i%_0UoOmd,+44 7811-213-708
95860862,George,Davies,george.davies@example.com,C&S4Nn##_E,+44 7132-276-382
47706396,Charlie,Taylor,charlie.taylor@example.com,awR!neAO)8,+44 7712-501-273
57246185,Harry,Johnson,harry.johnson@example.com,$9HjAq@d*#,+44 7573-127-326
85595948,James,Jones,james.jones@example.com,@9zR&nsB1X,+44 7385-442-630
96794801,Harry,Brown,harry.brown@example.com,!D01Vbjj4T,+44 7627-270-219
06860096,Jacob,Robinson,jacob.robinson@example.com,wKX7HPzi(U,+44 7955-624-191
12645743,Jack,Taylor,jack.taylor@example.com,&34gDMctdu,+44 7129-189-576
12012395,Oliver,Jones,oliver.jones@example.com,2!aGe7&g%d,+44 7885-567-561
44300600,Oliver,Brown,oliver.brown@example.com,EMIj3kfrQ),+44 7634-119-598
37411471,Oscar,Brown,oscar.brown@example.com,y!8vRmiA_+,+44 7453-746-911
52567794,Jack,Robinson,jack.robinson@example.com,&eX53On0p&,+44 7591-814-327
16408302,James,Brown,james.brown@example.com,w4b3DC*t#a,+44 7414-541-504
60882179,Harry,Wright,harry.wright@example.com,#vKGuOFo!2,+44 7858-682-561
63242509,James,Brown,james.brown@example.com,&PTanUobR3,+44 7533-806-855
83841145,Jacob,Wilson,jacob.wilson@example.com,b9^0B*2w@l,+44 7710-404-974
31430062,Harry,Robinson,harry.robinson@example.com,I8JKbTg(_&,+44 7246-111-495
58218200,Harry,Williams,harry.williams@example.com,_0NAo9@o2d,+44 7680-396-721
57206320,Thomas,Smith,thomas.smith@example.com,*72EYsPx3!,+44 7329-512-996
57888691,Thomas,Smith,thomas.smith@example.com,*7n1Dx+pzK,+44 7969-409-190
61291840,Jacob,Wright,jacob.wright@example.com,)j8DUMaYy%,+44 7858-415-254
24633315,Harry,Brown,harry.brown@example.com,R*l74U#zfQ,+44 7591-664-706
00403636,Oscar,Taylor,oscar.taylor@example.com,UMn0hO2xA^,+44 7520-873-961
82979001,Thomas,Taylor,thomas.taylor@example.com,E^aNm6WbhN,+44 7460-394-958
29945909,Charlie,Smith,charlie.smith@example.com,k+80QzGw$L,+44 7801-335-313
52032920,Harry,Robinson,harry.robinson@example.com,*82ZiklMFZ,+44 7447-275-343
67721118,William,Wright,william.wright@example.com,^x^MZGdt6K,+44 7944-232-219
80633082,Oliver,Davies,oliver.davies@example.com,VM3VQz@$*0,+44 7196-220-615
07955981,Jack,Jones,jack.jones@example.com,#@$057It6K,+44 7597-475-923
41985669,Thomas,Johnson,thomas.johnson@example.com,+64O6OsZQ#,+44 7801-384-522
50126148,Oliver,Williams,oliver.williams@example.com,#1ROAs4_DP,+44 7510-597-335
06194590,James,Johnson,james.johnson@example.com,xfjRuOt7+7,+44 7470-677-798
30344570,Jack,Johnson,jack.johnson@example.com,_4kXR4Oe3a,+44 7293-788-574
25287177,Harry,Smith,harry.smith@example.com,&6xzUo4l_S,+44 7872-239-230
30134521,Charlie,Smith,charlie.smith@example.com,h!u2EJc@65,+44 7652-317-433
36081471,Charlie,Williams,charlie.williams@example.com,G*r2CZd5z),+44 7490-765-442
53923836,Oliver,Jones,oliver.jones@example.com,u5Q$@TFj&W,+44 7143-776-567
25356690,James,Taylor,james.taylor@example.com,*4EMcEBJ#1,+44 7409-108-373
55626154,Jacob,Brown,jacob.brown@example.com,3dA@4&n3^5,+44 7683-988-738
02925052,Jack,Taylor,jack.taylor@example.com,+Je66Htn4K,+44 7396-688-516
94868185,William,Taylor,william.taylor@example.com,(7K$Z9Mf%*,+44 7244-637-644
84069850,George,Brown,george.brown@example.com,4B#94Qln)D,+44 7215-506-953
97378848,George,Brown,george.brown@example.com,)a#Gt3YhR&,+44 7554-803-892
23154316,Jacob,Robinson,jacob.robinson@example.com,#VM1kpUuua,+44 7719-281-707
29793802,Jack,Taylor,jack.taylor@example.com,%)o65E2fEY,+44 7302-937-199
55231748,Jacob,Wilson,jacob.wilson@example.com,@9r+By%7+^,+44 7896-931-488
52155307,Oscar,Smith,oscar.smith@example.com,V$1vMuOs*6,+44 7484-378-423
49376302,Jacob,Jones,jacob.jones@example.com,6$XbJZsv!u,+44 7827-118-264
63586435,Oliver,Jones,oliver.jones@example.com,WY7Z6PgR+_,+44 7192-442-970
73568883,Jack,Wright,jack.wright@example.com,@99USjh8U4,+44 7393-696-441
69397520,Jack,Johnson,jack.johnson@example.com,j6qH9pAh#G,+44 7173-651-526
96855468,Harry,Wright,harry.wright@example.com,4K972UOg%i,+44 7365-835-514
86776586,Jacob,Wilson,jacob.wilson@example.com,B(0jZC&A%r,+44 7961-198-223
09949267,George,Smith,george.smith@example.com,l)CG9o06*2,+44 7355-140-560
62624741,William,Taylor,william.taylor@example.com,ge^6Bvf6X#,+44 7108-713-955
65198623,Jacob,Wright,jacob.wright@example.com,9(E^06Aby1,+44 7105-902-307
35402241,Harry,Johnson,harry.johnson@example.com,h6^w9KHxEI,+44 7875-693-581
92169391,Oliver,Williams,oliver.williams@example.com,mbZL+rnI!4,+44 7276-753-330
19921381,James,Smith,james.smith@example.com,O64sqOZed_,+44 7311-514-290
21897247,Jack,Williams,jack.williams@example.com,*9NuHYQMZs,+44 7303-556-829
99913394,William,Johnson,william.johnson@example.com,1UTFAVqR!L,+44 7749-279-951
77812298,Oscar,Wilson,oscar.wilson@example.com,)N+QDqVzx5,+44 7141-506-621
32250532,George,Johnson,george.johnson@example.com,&dMA)gwa#3,+44 7371-907-164
31348707,George,Taylor,george.taylor@example.com,d#8PTQSgHF,+44 7815-800-303
25393789,Charlie,Williams,charlie.williams@example.com,3DI97LNtr),+44 7919-822-354
59090891,Charlie,Brown,charlie.brown@example.com,G+9D0ZWbHG,+44 7792-286-969
97966726,Jack,Johnson,jack.johnson@example.com,e5L00zjn+9,+44 7795-718-330
48497452,Oscar,Wilson,oscar.wilson@example.com,_1XDjYffsP,+44 7474-972-602
81988063,Thomas,Taylor,thomas.taylor@example.com,#sSb_F^lk9,+44 7142-625-385
32237464,William,Wilson,william.wilson@example.com,h4*T7kAoj(,+44 7105-522-971
44880543,William,Robinson,william.robinson@example.com,%c1UjXDqpw,+44 7638-623-551
26076656,Thomas,Wilson,thomas.wilson@example.com,5^iZ4bHlcX,+44 7253-585-177
53191501,Oliver,Davies,oliver.davies@example.com,#wlG$@QKn4,+44 7390-945-767
51095335,Jack,Davies,jack.davies@example.com,^y1Fp5PkgE,+44 7412-190-696
44140020,Thomas,Williams,thomas.williams@example.com,0OCnBl6+^9,+44 7129-262-469
27087845,Oliver,Smith,oliver.smith@example.com,4EJZpd6f_W,+44 7918-152-782
90404661,James,Robinson,james.robinson@example.com,b#7rjGJv4F,+44 7140-347-796
78035090,Jacob,Johnson,jacob.johnson@example.com,7CrTQpeh(a,+44 7798-950-597
44792920,William,Jones,william.jones@example.com,W&Pz5ICy+a,+44 7294-750-311
30935197,Thomas,Brown,thomas.brown@example.com,aTHcgbvU$3,+44 7346-102-401
82393010,Oliver,Wilson,oliver.wilson@example.com,@XKpmUm&62,+44 7472-204-169
28884460,James,Davies,james.davies@example.com,t9GwxRdD*u,+44 7388-551-225
58609835,Oscar,Smith,oscar.smith@example.com,$5V$RvMLXE,+44 7129-880-919
34535590,James,Johnson,james.johnson@example.com,^(2tSPUyb&,+44 7728-294-367
52067759,James,Davies,james.davies@example.com,!0FmDgwr5w,+44 7201-235-207
82170465,Oscar,Wright,oscar.wright@example.com,S$2OZTsxZv,+44 7144-272-585
38859883,Jack,Jones,jack.jones@example.com,sZ3O5Ozr!y,+44 7185-584-287
12777449,Thomas,Williams,thomas.williams@example.com,(Ku1TSDjH&,+44 7540-327-233
95775589,Jack,Johnson,jack.johnson@example.com,^yp44Mq!O2,+44 7805-424-971
07554436,Jacob,Jones,jacob.jones@example.com,0)89Rk!f(#,+44 7433-334-301
79750363,George,Williams,george.williams@example.com,61g!zAbs*f,+44 7430-153-333
61996142,Oscar,Robinson,oscar.robinson@example.com,gxEZ3xYm5@,+44 7261-822-587
54452612,Harry,Smith,harry.smith@example.com,FT_2PWIp)v,+44 7360-932-292
13855897,Jack,Johnson,jack.johnson@example.com,U8Js4#c+)x,+44 7119-266-190
24235055,George,Wright,george.wright@example.com,I5HjVnAR@W,+44 7814-598-288
70464881,Harry,Johnson,harry.johnson@example.com,xc+#8Zr7o6,+44 7701-652-463
13254145,Thomas,Robinson,thomas.robinson@example.com,c$!i7Tt(I9,+44 7490-350-739
32646925,Jack,Robinson,jack.robinson@example.com,#86UWabgkz,+44 7295-428-244
16447175,Charlie,Smith,charlie.smith@example.com,KLBUd+jW(0,+44 7485-999-628
84286088,William,Brown,william.brown@example.com,3S)2Awg5I_,+44 7446-575-889
10518836,William,Taylor,william.taylor@example.com,bna9QzDWo%,+44 7491-833-333
69489910,James,Davies,james.davies@example.com,1DYaRHXF&G,+44 7308-904-946
76231473,William,Williams,william.williams@example.com,z3bEd4CZ$H,+44 7879-560-110
62114637,Thomas,Wilson,thomas.wilson@example.com,p+8HUnO4lx,+44 7487-954-309
27688761,Oscar,Robinson,oscar.robinson@example.com,t61mvRKl!u,+44 7560-881-124
06870729,Jack,Smith,jack.smith@example.com,l8koKg59)B,+44 7693-656-201
86704384,Oliver,Jones,oliver.jones@example.com,$4oEhqFRUC,+44 7145-301-737
28726330,William,Wilson,william.wilson@example.com,)7BZJq8pFL,+44 7603-906-952
62498628,Oliver,Williams,oliver.williams@example.com,y4CI)nh#(B,+44 7627-911-872
09888068,George,Smith,george.smith@example.com,Y(hn(zMxY5,+44 7786-874-422
34883090,Harry,Smith,harry.smith@example.com,$XZPclHyi6,+44 7304-455-823
62950375,George,Wilson,george.wilson@example.com,PsY0V@KmU%,+44 7353-458-857
45578251,Thomas,Robinson,thomas.robinson@example.com,)u$pPlzb_9,+44 7539-639-899
03288270,Jacob,Jones,jacob.jones@example.com,2*6CNMf3ld,+44 7254-123-716
37368733,Thomas,Jones,thomas.jones@example.com,+(dOLGja$1,+44 7363-970-724
21236715,George,Brown,george.brown@example.com,o*DFy3mmeH,+44 7705-887-117
27794106,George,Brown,george.brown@example.com,0K!iA$dz(z,+44 7543-528-579
60304044,William,Williams,william.williams@example.com,f6VBMsUp%3,+44 7396-383-977
01709468,Harry,Robinson,harry.robinson@example.com,&YB3(FwiU3,+44 7189-469-217
76039819,James,Taylor,james.taylor@example.com,**Ba0Jq2U3,+44 7996-229-211
33717041,Harry,Davies,harry.davies@example.com,rpCPPPcO(6,+44 7142-468-680
77104889,Oscar,Smith,oscar.smith@example.com,T8uoBK+m!J,+44 7520-795-266
32725697,Charlie,Johnson,charlie.johnson@example.com,!4#PM!2l%b,+44 7852-711-943
69331390,Jacob,Taylor,jacob.taylor@example.com,9#CLyUwm#p,+44 7927-151-882
38884396,Jack,Wilson,jack.wilson@example.com,3EKrL7HC*v,+44 7576-105-646
32848514,William,Williams,william.williams@example.com,*b(0VfM75q,+44 7631-978-930
18565163,Jack,Wright,jack.wright@example.com,Txzu8IiA)5,+44 7368-539-626
35825062,Jack,Wright,jack.wright@example.com,IDZC*0Ko#x,+44 7934-104-175
83608621,Thomas,Johnson,thomas.johnson@example.com,50Jah@wo*e,+44 7247-679-487
53918509,Harry,Johnson,harry.johnson@example.com,kYU21(ts&4,+44 7523-159-886
77531061,Harry,Brown,harry.brown@example.com,@04QTLhlGh,+44 7107-280-346
49773005,Thomas,Wright,thomas.wright@example.com,VT5WYqNy@_,+44 7400-891-840
53940651,Oliver,Taylor,oliver.taylor@example.com,Z!O8I(uj(J,+44 7320-902-647
44306724,William,Wilson,william.wilson@example.com,)c2U1wc2KR,+44 7907-831-506
94873033,Harry,Johnson,harry.johnson@example.com,)8VbhcWogq,+44 7764-548-578
76890288,Oliver,Robinson,oliver.robinson@example.com,M$o^7z$oMF,+44 7216-613-552
85813663,James,Taylor,james.taylor@example.com,s8k8VRgE%d,+44 7777-494-471
31116331,Oscar,Robinson,oscar.robinson@example.com,k9ZCX0dD%n,+44 7383-632-879
08451778,Jacob,Smith,jacob.smith@example.com,_uTy2aLvg3,+44 7755-200-170
30396214,George,Williams,george.williams@example.com,O*33gDOzOe,+44 7887-179-265
12688576,Jacob,Taylor,jacob.taylor@example.com,^mRPjsbI3_,+44 7459-888-536
05908642,Oliver,Johnson,oliver.johnson@example.com,$4ITnmD%wW,+44 7866-138-816
89868659,Jack,Smith,jack.smith@example.com,**f3gViI+h,+44 7568-882-956
74211032,William,Davies,william.davies@example.com,%lVGa98F9L,+44 7438-275-451
56746583,Jack,Taylor,jack.taylor@example.com,%R&6rKKiT@,+44 7946-612-889
92462635,Oliver,Williams,oliver.williams@example.com,IS&wkhmm(7,+44 7325-626-979
32675716,Oscar,Johnson,oscar.johnson@example.com,n43Wq_id%y,+44 7579-966-634
45050679,Jacob,Smith,jacob.smith@example.com,@9UImq&weP,+44 7920-464-851
12646821,James,Wilson,james.wilson@example.com,P@1Hk$X7W4,+44 7508-815-582
85239152,Harry,Smith,harry.smith@example.com,A%2%CWqq+3,+44 7381-714-883
47929633,Thomas,Davies,thomas.davies@example.com,6xGE5Njg0_,+44 7445-384-342
70801038,James,Williams,james.williams@example.com,d34TPIcO@l,+44 7832-901-335
52280510,Thomas,Johnson,thomas.johnson@example.com,ru(7zdUrth,+44 7646-855-814
48096509,Oscar,Davies,oscar.davies@example.com,907k1H+pF#,+44 7159-305-739
92352923,James,Taylor,james.taylor@example.com,&H9TWWLaJb,+44 7522-290-823
52296648,George,Robinson,george.robinson@example.com,Sia6*bVx_u,+44 7307-892-371
87913640,Oscar,Wright,oscar.wright@example.com,Tma^6Krxi_,+44 7101-529-925
70396611,Charlie,Johnson,charlie.johnson@example.com,v70iPxwb+F,+44 7442-315-895
97599633,Thomas,Wright,thomas.wright@example.com,4cB@DzzB)r,+44 7873-299-515
63594846,James,Robinson,james.robinson@example.com,(_vh2FXi3!,+44 7753-510-819
45451902,Oliver,Davies,oliver.davies@example.com,7(xn6vDggS,+44 7372-483-626
81419339,Oliver,Wilson,oliver.wilson@example.com,Nn76TM0hR(,+44 7112-213-665
52443280,James,Smith,james.smith@example.com,#0Xetsvq55,+44 7475-414-632
87952514,George,Wilson,george.wilson@example.com,#7!Cc+TIcX,+44 7746-215-268
89107343,Oscar,Brown,oscar.brown@example.com,532kwVws!H,+44 7313-158-143
62081378,Jack,Taylor,jack.taylor@example.com,+I+6JUxuqt,+44 7888-860-102
49549238,Harry,Brown,harry.brown@example.com,Z!I*YMvH^3,+44 7203-593-513
72041555,Charlie,Robinson,charlie.robinson@example.com,NP%*YmtA+3,+44 7143-938-816
76453185,James,Jones,james.jones@example.com,qdJZ5Gxzg&,+44 7662-369-672
28235579,Jack,Johnson,jack.johnson@example.com,!+lQdfLo91,+44 7998-129-457
78987980,Jack,Williams,jack.williams@example.com,V0H2uEFh!^,+44 7436-982-534
01819017,Jack,Davies,jack.davies@example.com,#8mt9P&xhf,+44 7407-647-491
34541773,William,Davies,william.davies@example.com,aZhtjndn&6,+44 7605-162-340
11667858,William,Taylor,william.taylor@example.com,Ui@8HkDw@t,+44 7387-984-201
46505038,James,Johnson,james.johnson@example.com,j+7UNPJi28,+44 7125-871-828
41176178,George,Jones,george.jones@example.com,n6!06+wq%Y,+44 7570-625-514
57942070,Charlie,Johnson,charlie.johnson@example.com,WZ3PHvsae(,+44 7232-816-357
21678129,Oliver,Brown,oliver.brown@example.com,(2RJD&bm0!,+44 7445-711-403
01356743,Thomas,Davies,thomas.davies@example.com,(6R(A@LwK9,+44 7777-425-157
09192158,Jacob,Wright,jacob.wright@example.com,^bf8suEe(9,+44 7528-269-190
98845902,Oscar,Smith,oscar.smith@example.com,uw4nY#oSZ!,+44 7247-488-412
91819255,Thomas,Robinson,thomas.robinson@example.com,Fs8+8QBtB!,+44 7148-557-531
06943178,Thomas,Johnson,thomas.johnson@example.com,b3Eh^xqF^U,+44 7401-964-480
96864873,Jack,Taylor,jack.taylor@example.com,cZo1Pihp&J,+44 7341-392-454
41651811,William,Johnson,william.johnson@example.com,+5M9oHnNn^,+44 7633-799-772
11095643,Thomas,Taylor,thomas.taylor@example.com,3kypcaSH##,+44 7571-932-895
42174290,James,Davies,james.davies@example.com,+7Xw$4ln$%,+44 7506-640-681
47899684,Oscar,Jones,oscar.jones@example.com,7r3AyKJ(M&,+44 7356-573-303
87379579,Oscar,Smith,oscar.smith@example.com,LQ1!UyPT%T,+44 7890-270-875
43974156,Jacob,Wilson,jacob.wilson@example.com,%57DRe$hgl,+44 7328-892-996
77153001,Jacob,Wright,jacob.wright@example.com,Cjp++9OrM^,+44 7140-992-527
53638351,William,Davies,william.davies@example.com,88N)y*W!!k,+44 7610-305-883
88356916,Oscar,Taylor,oscar.taylor@example.com,%&5B_Ueu0S,+44 7445-795-686
76448481,Harry,Smith,harry.smith@example.com,vs+GH9Fv7^,+44 7109-560-605
05593847,Jack,Wright,jack.wright@example.com,84*85RJaiu,+44 7827-929-733
97457252,George,Robinson,george.robinson@example.com,*7rLpf&X_a,+44 7797-545-817
55137654,Oscar,Taylor,oscar.taylor@example.com,Np+43AaLLY,+44 7218-507-809
48600811,George,Wright,george.wright@example.com,(1KvSNai8%,+44 7835-496-465
64514080,Thomas,Smith,thomas.smith@example.com,m(3MiP^b9K,+44 7512-265-565
16530932,George,Robinson,george.robinson@example.com,((M0BfgoY%,+44 7728-862-849
24774756,Jacob,Taylor,jacob.taylor@example.com,6Xaa*1t^#u,+44 7526-202-312
39885749,Thomas,Jones,thomas.jones@example.com,)k3HFLaRKa,+44 7979-350-112
09747337,Oscar,Wilson,oscar.wilson@example.com,z_78BWXh#&,+44 7305-885-145
84006225,Oliver,Taylor,oliver.taylor@example.com,2SZ*YI3w@1,+44 7683-835-120
25919325,Jack,Brown,jack.brown@example.com,@^jl9cXozb,+44 7906-923-697
68751071,Thomas,Williams,thomas.williams@example.com,6Zh4SUoV&s,+44 7278-963-552
31829648,Charlie,Davies,charlie.davies@example.com,G+65M$wh)l,+44 7723-914-929
08514301,Harry,Jones,harry.jones@example.com,h*V0dKygvK,+44 7989-638-227
75509144,Jack,Robinson,jack.robinson@example.com,O$SF2YHk1O,+44 7481-948-953
43342277,Oscar,Williams,oscar.williams@example.com,@)!586Typy,+44 7275-129-448
51956501,Charlie,Wilson,charlie.wilson@example.com,_F6HtnKOYO,+44 7588-947-102
21273484,Oliver,Wilson,oliver.wilson@example.com,p6b9U&JW!k,+44 7197-502-826
89723035,Thomas,Robinson,thomas.robinson@example.com,z)8zH#Zl#Q,+44 7901-352-703
94142983,Jack,Taylor,jack.taylor@example.com,y60MjbYc(x,+44 7632-629-176
37215685,George,Johnson,george.johnson@example.com,TbL4OQe%*8,+44 7640-466-812
62735639,Harry,Jones,harry.jones@example.com,i048zS_%(3,+44 7419-394-921
91946600,Harry,Williams,harry.williams@example.com,_iRj)Q!nJ3,+44 7332-830-679
01406034,Jack,Robinson,jack.robinson@example.com,u)7Hkv5a!g,+44 7208-529-786
25552267,Harry,Smith,harry.smith@example.com,2J%u0$CeuH,+44 7924-683-694
93821338,Thomas,Taylor,thomas.taylor@example.com,vN6OsJim!5,+44 7446-913-240
71876744,Thomas,Jones,thomas.jones@example.com,9)c7$VYY9t,+44 7981-857-221
19758720,Oscar,Brown,oscar.brown@example.com,qE3K2RMj!S,+44 7220-930-693
52489088,James,Wright,james.wright@example.com,4sh#*9SghU,+44 7679-480-954
01625930,Oliver,Robinson,oliver.robinson@example.com,^Bu5hWpf&7,+44 7110-843-785
28563328,George,Smith,george.smith@example.com,450uBhYx!0,+44 7117-456-785
64525990,Jacob,Williams,jacob.williams@example.com,)fwZ*Jf8v0,+44 7792-384-472
60789098,Oscar,Johnson,oscar.johnson@example.com,+ryp9eIh00,+44 7313-819-141
42168772,Oscar,Robinson,oscar.robinson@example.com,9ANs5b36$7,+44 7874-247-378
49780503,Harry,Robinson,harry.robinson@example.com,mNSUUFi23$,+44 7338-252-656
97575569,Thomas,Wilson,thomas.wilson@example.com,_q)8DSlI3N,+44 7661-279-241
96488025,Jack,Taylor,jack.taylor@example.com,*MKp@JVL74,+44 7317-432-242
54707462,Charlie,Taylor,charlie.taylor@example.com,nRSj2WpT@*,+44 7368-927-476
03394053,William,Williams,william.williams@example.com,_y#rG!kbC4,+44 7322-904-768
92295899,Harry,Jones,harry.jones@example.com,nyNkCk!O*9,+44 7385-627-838
52387418,Oscar,Wilson,oscar.wilson@example.com,v!6m7PGou2,+44 7900-804-394
42586104,William,Brown,william.brown@example.com,l6RMtpSa#d,+44 7949-724-117
68468807,Thomas,Williams,thomas.williams@example.com,6U+3cKhEL*,+44 7741-833-752
88608279,Charlie,Johnson,charlie.johnson@example.com,^6xOmx&Qt4,+44 7246-755-421
98771511,Jacob,Smith,jacob.smith@example.com,(47t2LnF!5,+44 7861-134-163
57700505,Thomas,Jones,thomas.jones@example.com,$Jpyg++gJ3,+44 7282-668-834
85575412,Oliver,Robinson,oliver.robinson@example.com,)&X4GQtPXi,+44 7159-175-559
56035419,William,Jones,william.jones@example.com,i$9GCPJwES,+44 7940-321-100
90973905,Harry,Williams,harry.williams@example.com,LQ7@Z$Va6),+44 7233-506-941
21622167,Harry,Wright,harry.wright@example.com,g^6)Vmhv&W,+44 7881-425-899
19705887,Jack,Davies,jack.davies@example.com,77)F97YmW2,+44 7899-507-605
27719362,James,Wilson,james.wilson@example.com,i9^8ICopi%,+44 7615-156-263
53724486,Charlie,Jones,charlie.jones@example.com,yvq15E0+!^,+44 7202-841-380
94481598,Oscar,Wilson,oscar.wilson@example.com,@60VCzvUxq,+44 7295-426-698
71435595,William,Williams,william.williams@example.com,$e2Duc@f!#,+44 7204-182-362
31841376,William,Jones,william.jones@example.com,#9Vw(6aF79,+44 7346-447-487
11984804,Jack,Wright,jack.wright@example.com,e2X#W#Xj#F,+44 7951-965-377
19361503,Oliver,Brown,oliver.brown@example.com,Y*Agt0Mq53,+44 7886-576-389
37559073,Jack,Williams,jack.williams@example.com,*FtZAm6sk5,+44 7212-906-531
58178282,William,Williams,william.williams@example.com,@ulK@BFb5E,+44 7609-120-434
21477169,William,Wilson,william.wilson@example.com,$2ra#)UgFg,+44 7889-589-650
48791143,Thomas,Williams,thomas.williams@example.com,&6i8xZDImt,+44 7420-346-623
10163715,Oscar,Wilson,oscar.wilson@example.com,@Gfc*SKq40,+44 7150-646-772
05552732,Thomas,Brown,thomas.brown@example.com,Lp1BRV)v_l,+44 7558-392-633
19283721,William,Robinson,william.robinson@example.com,ms5*JnhX7#,+44 7900-578-498
54284631,James,Taylor,james.taylor@example.com,javO9Vnyu&,+44 7908-784-159
12090737,George,Williams,george.williams@example.com,8JjfkoMo+0,+44 7361-491-236
30512213,Oliver,Brown,oliver.brown@example.com,v2Is6YfB)B,+44 7984-887-870
10922253,Thomas,Jones,thomas.jones@example.com,#^Oa8CMnGL,+44 7587-614-855
41965636,George,Wright,george.wright@example.com,YT^6Jh^)E(,+44 7547-930-842
33472584,Jacob,Brown,jacob.brown@example.com,%OC$0mbq2f,+44 7141-255-268
44231453,Harry,Brown,harry.brown@example.com,O9PxtXuq(x,+44 7788-486-922
31195608,Harry,Taylor,harry.taylor@example.com,!Wc4bHic)#,+44 7150-550-405
03802680,Oscar,Wilson,oscar.wilson@example.com,^3I9WZv2%G,+44 7829-832-102
40787465,Harry,Davies,harry.davies@example.com,xf*H#b#($9,+44 7870-540-769
75250706,Oscar,Johnson,oscar.johnson@example.com,*wZALhXsV1,+44 7694-185-706
38665889,Oliver,Johnson,oliver.johnson@example.com,(t4QnoPj&+,+44 7870-396-795
66833978,Oliver,Williams,oliver.williams@example.com,*L5_VMp6!d,+44 7747-487-828
40784315,James,Brown,james.brown@example.com,)7!*JkmT_e,+44 7989-457-529
70458248,James,Brown,james.brown@example.com,B93rIp($(T,+44 7566-532-469
84061889,William,Williams,william.williams@example.com,Ui5%uVy7o),+44 7869-336-500
60969276,Jack,Wright,jack.wright@example.com,2(9sZiXpdB,+44 7930-876-734
87877324,Thomas,Davies,thomas.davies@example.com,iZZ0PQnp#q,+44 7320-397-785
98827586,Harry,Jones,harry.jones@example.com,W43pO6oK^_,+44 7693-744-365
07670528,Oliver,Jones,oliver.jones@example.com,I619RhGt&U,+44 7716-301-133
23759747,Thomas,Johnson,thomas.johnson@example.com,+G9O0vliRl,+44 7151-120-248
87063187,Jack,Davies,jack.davies@example.com,^qZc#SPuV2,+44 7170-203-273
58016508,William,Williams,william.williams@example.com,Pa)7ZUw*6$,+44 7607-104-863
10844363,Jacob,Jones,jacob.jones@example.com,!r*2HF@b0o,+44 7430-687-467
80496824,Harry,Wilson,harry.wilson@example.com,%g24Qe*Ys%,+44 7104-477-740
22011918,George,Wilson,george.wilson@example.com,uKO57IgaH$,+44 7479-472-794
94086337,Thomas,Davies,thomas.davies@example.com,+@%n@1Yb#J,+44 7302-726-133
57832253,Oliver,Smith,oliver.smith@example.com,B%)7zEHiW6,+44 7577-545-267
27169173,Jacob,Brown,jacob.brown@example.com,re2NyToV!0,+44 7792-564-416
57980115,Oscar,Jones,oscar.jones@example.com,^53jRQ0x*_,+44 7765-485-658
77587980,Jack,Taylor,jack.taylor@example.com,0U46b5bnl*,+44 7735-135-186
82378624,Charlie,Taylor,charlie.taylor@example.com,FkSK!WFJ)4,+44 7113-557-950
62133810,William,Jones,william.jones@example.com,P*41Y(91Bc,+44 7200-449-424
01850364,Oliver,Robinson,oliver.robinson@example.com,uS!22U6hc*,+44 7167-993-204
36420762,Jacob,Wilson,jacob.wilson@example.com,LYt&0DyfYv,+44 7482-650-281
24078831,Oliver,Wright,oliver.wright@example.com,i6dIh+Qs%$,+44 7172-306-730
07891847,Jacob,Johnson,jacob.johnson@example.com,9&NA5Qmv*E,+44 7481-169-638
32826752,Jack,Wilson,jack.wilson@example.com,@rK5AFLqe#,+44 7730-291-148
98751660,Jacob,Johnson,jacob.johnson@example.com,$M&RP9bEL3,+44 7395-748-306
05320604,George,Robinson,george.robinson@example.com,Ua4g(Blk_$,+44 7727-424-637
34244310,James,Johnson,james.johnson@example.com,@5AoDM4peg,+44 7462-319-425
42502879,George,Wilson,george.wilson@example.com,Ys9aPb$7&H,+44 7692-550-335
49021517,Jack,Taylor,jack.taylor@example.com,*3QACSA$Gv,+44 7447-846-421
45387880,Oliver,Johnson,oliver.johnson@example.com,0+T7TkLsCf,+44 7882-493-469
54895920,Charlie,Wilson,charlie.wilson@example.com,u+44*Usl1$,+44 7990-925-314
58019273,James,Jones,james.jones@example.com,Xs8qeOGa*+,+44 7615-239-629
49232188,George,Davies,george.davies@example.com,Z9yQP_mv%X,+44 7941-395-605
27242862,Harry,Williams,harry.williams@example.com,k*1bS*Jgu2,+44 7610-761-143
87737923,Oscar,Jones,oscar.jones@example.com,^6o^4iZckE,+44 7125-632-238
09196434,Harry,Robinson,harry.robinson@example.com,w_UQ2tVmPH,+44 7319-303-825
96949595,George,Robinson,george.robinson@example.com,8A%XAnRH@A,+44 7754-574-634
18099995,Oscar,Smith,oscar.smith@example.com,@5MoU1JhV6,+44 7108-199-842
04016303,Harry,Wright,harry.wright@example.com,Zn4qF1xFb#,+44 7548-698-760
03881747,William,Smith,william.smith@example.com,#@dx8Ds1Jp,+44 7262-575-701
70779958,James,Wilson,james.wilson@example.com,qg)8sRFaM$,+44 7630-632-247
87730334,James,Davies,james.davies@example.com,c1*3P_Io0_,+44 7499-519-329
66522578,Jacob,Brown,jacob.brown@example.com,RA_1DdYnjZ,+44 7907-390-961
97669653,Charlie,Smith,charlie.smith@example.com,wIZA3LNr*p,+44 7217-809-896
38140866,George,Johnson,george.johnson@example.com,XLC2fJxa&k,+44 7681-824-539
01070899,Thomas,Smith,thomas.smith@example.com,!45kGsQ0Hx,+44 7386-405-807
76965099,George,Taylor,george.taylor@example.com,z0p0Zj)z&+,+44 7150-862-301
27200714,Harry,Jones,harry.jones@example.com,PF7Dman)&2,+44 7172-997-120
44845574,Oliver,Johnson,oliver.johnson@example.com,An4GV2+n#%,+44 7470-218-257
61561106,Charlie,Davies,charlie.davies@example.com,*&C*nkCiV4,+44 7512-252-872
60284906,Oscar,Brown,oscar.brown@example.com,!2DfE%r3@I,+44 7877-112-528
16922415,Harry,Jones,harry.jones@example.com,S6ZNLWYh@P,+44 7928-476-215
36285595,William,Jones,william.jones@example.com,g%0(tAGs%K,+44 7646-199-530
31619094,William,Davies,william.davies@example.com,!@7ELVZfcs,+44 7332-337-439
43076345,Oscar,Brown,oscar.brown@example.com,iwC%JVPq^1,+44 7613-527-878
02531827,Harry,Robinson,harry.robinson@example.com,j)CW6ClRH2,+44 7920-879-134
58579563,Jacob,Williams,jacob.williams@example.com,sd)G1OFeLo,+44 7608-498-634
96207587,George,Smith,george.smith@example.com,c8qXnge+^7,+44 7840-732-300
67953888,George,Smith,george.smith@example.com,p9KT0&Q6$Q,+44 7665-487-179
86848377,Jacob,Johnson,jacob.johnson@example.com,!sJnAcIHT8,+44 7706-487-822
14445547,Thomas,Smith,thomas.smith@example.com,2nha6Hzf4!,+44 7342-303-987
01612433,William,Robinson,william.robinson@example.com,%Q5_3Soo%z,+44 7942-637-807
85669278,William,Robinson,william.robinson@example.com,+RHi73RwM1,+44 7605-666-180
51251911,Charlie,Johnson,charlie.johnson@example.com,DoI_OEbN$1,+44 7693-889-571
16156915,William,Jones,william.jones@example.com,l3hqcOKS+),+44 7728-469-589
99676840,Thomas,Davies,thomas.davies@example.com,QO5B4O)b*3,+44 7564-868-651
14572053,Thomas,Taylor,thomas.taylor@example.com,Qlb9ZDmsL*,+44 7405-681-507
03370739,William,Davies,william.davies@example.com,8pg2Wk6Fp&,+44 7978-452-273
91184888,Charlie,Williams,charlie.williams@example.com,be6Rbabj(q,+44 7804-933-796
30335711,George,Smith,george.smith@example.com,0rDFhT9+#W,+44 7572-338-697
72907996,Harry,Williams,harry.williams@example.com,*#3W+P!res,+44 7724-481-112
66331926,William,Robinson,william.robinson@example.com,dpKs^iRs%2,+44 7616-792-483
53325976,George,Williams,george.williams@example.com,()K08AyZj*,+44 7351-416-583
78486663,Jacob,Williams,jacob.williams@example.com,f4uBl#Ca)3,+44 7291-517-977
48705167,Oliver,Wilson,oliver.wilson@example.com,&U1VdeuRvN,+44 7907-754-435
53458269,Jacob,Wilson,jacob.wilson@example.com,q#&&K8DxlK,+44 7969-472-243
15641660,William,Brown,william.brown@example.com,l_6OHCx3^&,+44 7740-784-847
53353452,Thomas,Smith,thomas.smith@example.com,%!+2@5XnJ+,+44 7904-827-409
96199796,Oscar,Williams,oscar.williams@example.com,h#3CFtR#^%,+44 7732-891-703
52066576,Oscar,Wilson,oscar.wilson@example.com,+0Du6O&jLS,+44 7872-401-902
61328710,James,Wright,james.wright@example.com,(L(0uCFmN6,+44 7531-637-860
05383807,George,Jones,george.jones@example.com,0_*8mZVz*n,+44 7298-801-642
80518629,Harry,Johnson,harry.johnson@example.com,de+2htZlt#,+44 7139-266-828
68789871,Oscar,Jones,oscar.jones@example.com,SY34mUoE3@,+44 7981-383-615
53122294,George,Brown,george.brown@example.com,@!2yauQm0%,+44 7460-223-441
52501557,Charlie,Davies,charlie.davies@example.com,*fS#VB_sI2,+44 7369-867-608
74349592,Jacob,Johnson,jacob.johnson@example.com,_lNRxRuRO4,+44 7837-999-288
08229724,George,Robinson,george.robinson@example.com,tjz@H3Qw+h,+44 7369-225-383
07121581,Harry,Davies,harry.davies@example.com,+^Q2hHflg$,+44 7451-316-629
58847401,Charlie,Davies,charlie.davies@example.com,^j!St0*U#9,+44 7353-171-364
49006049,Jack,Jones,jack.jones@example.com,w02K(Saz%h,+44 7294-191-787
80202193,Harry,Williams,harry.williams@example.com,xv1Nm1J93_,+44 7590-498-125
80859859,Jack,Robinson,jack.robinson@example.com,pAT9KBLl+I,+44 7817-559-758
67803387,Oliver,Jones,oliver.jones@example.com,@1M(L5Uyb@,+44 7309-181-597
03362033,William,Brown,william.brown@example.com,(flFxpuO%3,+44 7979-994-354
18406008,James,Taylor,james.taylor@example.com,FnOYo_b0&4,+44 7250-770-836
10513549,Jack,Smith,jack.smith@example.com,z5i&d3MjuN,+44 7952-343-774
57819088,William,Johnson,william.johnson@example.com,w8Q@r&J0$6,+44 7971-874-490
66223740,William,Wright,william.wright@example.com,^SMTX0qiW(,+44 7411-757-787
48873105,George,Williams,george.williams@example.com,KQ84Rdch^4,+44 7545-472-949
64041802,Harry,Williams,harry.williams@example.com,F6QF_scc*D,+44 7461-517-954
77041531,Thomas,Jones,thomas.jones@example.com,6lGJWt$2@f,+44 7675-699-970
74156406,George,Taylor,george.taylor@example.com,uIV6m!Ij9@,+44 7713-238-994
67803634,Oscar,Williams,oscar.williams@example.com,MI7Jxkfth(,+44 7202-792-288
97139069,Harry,Wright,harry.wright@example.com,nHH8B^Um@c,+44 7628-418-494
94833967,Charlie,Brown,charlie.brown@example.com,U#Z3N$AzsY,+44 7724-560-592
03870475,Thomas,Brown,thomas.brown@example.com,1+6LfJbe(R,+44 7762-269-943
77030687,Oscar,Smith,oscar.smith@example.com,xgQ!inAu(9,+44 7874-666-531
00017434,Oliver,Johnson,oliver.johnson@example.com,(lBOhhtO4Z,+44 7575-264-174
30465295,Jack,Williams,jack.williams@example.com,7&C3KjjsmQ,+44 7554-600-993
25065173,Harry,Jones,harry.jones@example.com,#oViQCMZf0,+44 7380-254-326
47875739,William,Wright,william.wright@example.com,$B1h6SmPtB,+44 7718-204-573
05953029,Oliver,Smith,oliver.smith@example.com,!CJ6A3ikJ),+44 7771-761-370
68585184,Jacob,Brown,jacob.brown@example.com,9vDK(Yae(8,+44 7768-874-787
00058582,Oliver,Wilson,oliver.wilson@example.com,^7LfAv!OqW,+44 7825-397-161
05197379,James,Williams,james.williams@example.com,$qn2K^i(J5,+44 7923-336-487
43701946,Oliver,Jones,oliver.jones@example.com,#OCPOb02D9,+44 7320-214-536
80269158,Thomas,Wright,thomas.wright@example.com,&1QOZZgK)0,+44 7864-640-131
51941813,Oliver,Robinson,oliver.robinson@example.com,%0K72ABdU1,+44 7862-653-866
82336270,James,Wilson,james.wilson@example.com,@jLv)0Ah48,+44 7648-704-863
56800472,Thomas,Wright,thomas.wright@example.com,$%6AKez+ir,+44 7507-873-173
79060121,Charlie,Johnson,charlie.johnson@example.com,STW#B6JkQ_,+44 7512-264-167
83802123,Harry,Wilson,harry.wilson@example.com,11ZzOAlq+u,+44 7906-653-536
30604821,Oliver,Williams,oliver.williams@example.com,Up2OOQtz^p,+44 7309-934-948
08414176,Jack,Williams,jack.williams@example.com,Z$Q49LagYM,+44 7891-143-643
93137596,Thomas,Taylor,thomas.taylor@example.com,$$5sTvkU1b,+44 7824-573-253
35648243,Thomas,Jones,thomas.jones@example.com,@i4%Q6Hp3$,+44 7782-582-246
69524245,George,Smith,george.smith@example.com,*aJLunso$8,+44 7498-309-367
90241182,Charlie,Taylor,charlie.taylor@example.com,eOx8tQ^yG#,+44 7475-169-367
54011201,Oscar,Brown,oscar.brown@example.com,%GcrpXCu28,+44 7223-410-752
45098592,Oliver,Wright,oliver.wright@example.com,44ZI0hEr)9,+44 7853-712-567
87393993,Oliver,Williams,oliver.williams@example.com,s6HfgvPg(t,+44 7937-266-707
44638534,Jacob,Williams,jacob.williams@example.com,$0YWdkwx3F,+44 7756-956-365
45986351,George,Williams,george.williams@example.com,%1PCW+DpXI,+44 7476-101-309
24362226,Oliver,Taylor,oliver.taylor@example.com,$0EReq9b%1,+44 7953-224-804
58685149,Oscar,Jones,oscar.jones@example.com,+IsFTH1jn7,+44 7448-989-376
10666273,James,Johnson,james.johnson@example.com,TY6EwXsma_,+44 7353-197-860
45840261,George,Brown,george.brown@example.com,$)1M01e#A%,+44 7936-238-649
06974773,Jacob,Williams,jacob.williams@example.com,6*Vro$bZ*&,+44 7369-290-343
49854948,Jacob,Williams,jacob.williams@example.com,0p101Yl%5!,+44 7160-703-577
99082687,William,Brown,william.brown@example.com,a0Yk+I5T_e,+44 7924-198-236
35037884,George,Wright,george.wright@example.com,@8PEG15!k5,+44 7964-173-229
91298134,Jacob,Smith,jacob.smith@example.com,J0K4m3V1#z,+44 7245-482-871
98960043,Jacob,Johnson,jacob.johnson@example.com,IK6fnVXkZ%,+44 7967-583-876
76245723,Harry,Davies,harry.davies@example.com,0!o7aM4J1x,+44 7331-915-353
37289067,Harry,Wright,harry.wright@example.com,@111EtTtjJ,+44 7766-596-260
31546726,Oliver,Robinson,oliver.robinson@example.com,3kF1tTv9+Q,+44 7172-141-324
48983798,William,Taylor,william.taylor@example.com,R796MpsqM@,+44 7686-671-410
67980290,William,Wright,william.wright@example.com,&g9POsgU3O,+44 7180-916-888
96895492,Harry,Davies,harry.davies@example.com,#64TzXySqf,+44 7502-939-124
25541356,William,Johnson,william.johnson@example.com,$K(2x3nbR%,+44 7152-449-753
21651802,James,Wilson,james.wilson@example.com,M)Q7KY2u9+,+44 7716-449-905
41837107,Charlie,Robinson,charlie.robinson@example.com,Ozx+2JJrIf,+44 7339-714-412
02643483,William,Wilson,william.wilson@example.com,+yE%0KEs_9,+44 7788-930-317
64297033,Jacob,Williams,jacob.williams@example.com,(6V$IaFufN,+44 7961-238-868
00670684,Harry,Davies,harry.davies@example.com,WraQt0Lw(1,+44 7682-123-481
95132708,Charlie,Robinson,charlie.robinson@example.com,B)3JOSK8Mv,+44 7191-523-314
48360283,Jacob,Johnson,jacob.johnson@example.com,1KzSYds@)F,+44 7989-939-377
88364817,William,Johnson,william.johnson@example.com,_0N#OCpGQV,+44 7425-779-644
28626471,Harry,Wilson,harry.wilson@example.com,2n3KJ^zuG#,+44 7326-184-880
74061236,Jack,Wright,jack.wright@example.com,EXXelYy(#9,+44 7376-765-868
66862497,Oscar,Brown,oscar.brown@example.com,2%f9FBlPO+,+44 7848-683-688
45937283,Charlie,Smith,charlie.smith@example.com,GJ!JxINg#6,+44 7962-654-504
81658099,Harry,Williams,harry.williams@example.com,$50U#oE$xK,+44 7384-268-603
50257974,Harry,Johnson,harry.johnson@example.com,^46O2QqYO$,+44 7969-324-381
14357788,Oscar,Taylor,oscar.taylor@example.com,P@^$4mXujk,+44 7864-553-773
46208562,Harry,Wilson,harry.wilson@example.com,&6ZkuxFmqw,+44 7686-154-687
36151464,Oscar,Taylor,oscar.taylor@example.com,t**0molwBW,+44 7488-314-165
51511955,Oscar,Johnson,oscar.johnson@example.com,fs9hNDMf^2,+44 7333-324-632
41640225,George,Brown,george.brown@example.com,!2YmJV3Auv,+44 7297-377-668
38923249,Oscar,Smith,oscar.smith@example.com,dD987TqKD#,+44 7408-796-888
30106965,George,Wright,george.wright@example.com,)&@7#BozTW,+44 7322-260-103
29621541,Jacob,Wright,jacob.wright@example.com,u$K8Y&Js$M,+44 7732-248-516
67875808,Jacob,Johnson,jacob.johnson@example.com,XkKVn8NWh),+44 7390-281-167
69697406,Harry,Robinson,harry.robinson@example.com,Ex6LeSex)%,+44 7301-951-944
36443472,Harry,Smith,harry.smith@example.com,_%J2RV^z7I,+44 7822-832-743
34086812,William,Jones,william.jones@example.com,p&51hs7uGW,+44 7977-928-393
61574711,Oliver,Robinson,oliver.robinson@example.com,g4PhnD74(d,+44 7513-625-465
14214930,William,Johnson,william.johnson@example.com,#z@v0Cxsb8,+44 7569-514-970
83289665,Jacob,Smith,jacob.smith@example.com,)rG0KbHy_7,+44 7121-519-673
76539253,Jack,Taylor,jack.taylor@example.com,+(8PPKPxJT,+44 7658-487-437
72006954,Jacob,Taylor,jacob.taylor@example.com,L!0QxgJi$D,+44 7669-567-953
76686095,Oscar,Smith,oscar.smith@example.com,%9(hEZ(Z*b,+44 7944-618-745
87596239,Oscar,Williams,oscar.williams@example.com,LbG(o0Ll0Z,+44 7845-680-853
55912359,Oliver,Jones,oliver.jones@example.com,_&Xw6FrgV5,+44 7376-582-576
82414253,Charlie,Johnson,charlie.johnson@example.com,z#n2rJvYt),+44 7908-919-713
13257458,Charlie,Wilson,charlie.wilson@example.com,^*K3Exi8pR,+44 7506-391-836
42100757,Charlie,Wright,charlie.wright@example.com,S84ZOTkV%b,+44 7649-126-459
49748619,Jacob,Brown,jacob.brown@example.com,umt9D%Um9&,+44 7979-151-243
90835678,Charlie,Brown,charlie.brown@example.com,%9SYRjbUIg,+44 7631-369-445
84047612,Charlie,Wright,charlie.wright@example.com,d6vTBjj+@x,+44 7674-121-767
66935931,Thomas,Smith,thomas.smith@example.com,L@4ZFgp&_H,+44 7213-780-481
11208987,Oscar,Davies,oscar.davies@example.com,A21)17Ho(l,+44 7727-169-645
80590602,Jacob,Williams,jacob.williams@example.com,%pZkDUCz3),+44 7501-656-495
17386542,Jack,Davies,jack.davies@example.com,^o6Xpo*cX0,+44 7514-353-905
34476059,George,Robinson,george.robinson@example.com,$86D!MraIg,+44 7408-195-224
82719439,Thomas,Taylor,thomas.taylor@example.com,FX#8oEoiH7,+44 7317-363-626
52039805,Jacob,Taylor,jacob.taylor@example.com,KAgCjxdr(7,+44 7682-869-406
39782738,William,Williams,william.williams@example.com,YjL*FHsj$6,+44 7484-681-822
10185721,George,Wright,george.wright@example.com,z9C5YdWs)7,+44 7578-139-743
30497986,George,Wright,george.wright@example.com,+TgSm$Di10,+44 7522-196-527
05998701,Thomas,Brown,thomas.brown@example.com,E6U3H_W2(m,+44 7418-222-918
87495017,James,Wilson,james.wilson@example.com,H$9Vzl9JZR,+44 7480-757-182
27428833,William,Smith,william.smith@example.com,09frtDe$^M,+44 7493-876-479
20180721,Charlie,Johnson,charlie.johnson@example.com,xUM9MNQdU$,+44 7516-406-713
42889914,Thomas,Taylor,thomas.taylor@example.com,6*2H0B0ytd,+44 7889-862-415
06943597,Jacob,Taylor,jacob.taylor@example.com,$5NvI2$qLX,+44 7328-896-522
24750687,George,Smith,george.smith@example.com,!^Y1dgoB0H,+44 7276-660-206
60271981,Oscar,Smith,oscar.smith@example.com,T$0L&q2BIR,+44 7520-897-425
68909524,Charlie,Smith,charlie.smith@example.com,mJ8Wz4KvX*,+44 7337-350-331
90797965,Jacob,Wilson,jacob.wilson@example.com,t#$^UUx%#6,+44 7526-790-924
06808125,Jack,Williams,jack.williams@example.com,)7IcuURm&_,+44 7681-268-168
15321017,James,Davies,james.davies@example.com,c^8BXrum01,+44 7487-688-777
51092966,James,Smith,james.smith@example.com,663@^9Zc^T,+44 7690-320-364
86829179,Jacob,Jones,jacob.jones@example.com,6dN*euxd)2,+44 7668-128-477
71217599,James,Wright,james.wright@example.com,MMG1Oi3vV_,+44 7268-186-741
10232022,Oscar,Smith,oscar.smith@example.com,%1ZQtMkRiZ,+44 7334-707-378
62255383,Charlie,Johnson,charlie.johnson@example.com,)Z1aDoHyq(,+44 7905-848-279
22927537,Harry,Jones,harry.jones@example.com,&ICEk!Vxi8,+44 7656-789-413
54888648,Harry,Johnson,harry.johnson@example.com,@o4$0SFms5,+44 7694-510-929
71664147,Jack,Brown,jack.brown@example.com,!!GSQAR5e7,+44 7672-338-455
54542010,Thomas,Smith,thomas.smith@example.com,*BPcwGlo_9,+44 7366-231-408
49216990,James,Jones,james.jones@example.com,T3(1Re8S2L,+44 7113-945-679
10326331,Harry,Brown,harry.brown@example.com,+6oSywMP(K,+44 7542-767-279
89806612,Thomas,Wright,thomas.wright@example.com,D4RBlbwb*g,+44 7343-690-928
58533673,William,Davies,william.davies@example.com,Tt(D0Yiqmh,+44 7268-597-531
48331714,Thomas,Jones,thomas.jones@example.com,7_7OFwR$mB,+44 7683-952-383
28697666,Jacob,Robinson,jacob.robinson@example.com,_nBE0C5V24,+44 7150-223-212
48141587,William,Brown,william.brown@example.com,!u38p#PaRl,+44 7114-510-565
52243351,Charlie,Johnson,charlie.johnson@example.com,_8MT3fVpQh,+44 7213-545-978
39524742,Charlie,Jones,charlie.jones@example.com,+O(0!FfaCT,+44 7642-877-177
00900251,Oliver,Johnson,oliver.johnson@example.com,17+7mS(nBZ,+44 7441-976-451
25225403,Thomas,Wright,thomas.wright@example.com,Pd0ZJtgMw&,+44 7856-609-522
14834627,Jacob,Johnson,jacob.johnson@example.com,YAL7Memi)y,+44 7894-571-846
51026313,Thomas,Taylor,thomas.taylor@example.com,QA$z7ZIp(P,+44 7366-802-843
54050595,Charlie,Taylor,charlie.taylor@example.com,K(6zP_aT^V,+44 7995-192-448
63297574,Jacob,Brown,jacob.brown@example.com,)5F#mI+cf2,+44 7259-526-780
46395615,Jacob,Wright,jacob.wright@example.com,@n2KBjSn6%,+44 7193-159-187
24294719,Harry,Robinson,harry.robinson@example.com,)6NNzuqn7^,+44 7381-394-531
27938051,Thomas,Smith,thomas.smith@example.com,sg9Iv3SHW%,+44 7903-120-892
74892851,Thomas,Robinson,thomas.robinson@example.com,yF5*5pFr(2,+44 7376-160-264
46616608,James,Brown,james.brown@example.com,qj3ztGzK*%,+44 7553-323-496
79508806,Charlie,Brown,charlie.brown@example.com,#5VXmcfzm8,+44 7264-118-781
16636875,Thomas,Smith,thomas.smith@example.com,(hUGYmi%o0,+44 7379-349-595
16855307,Jacob,Williams,jacob.williams@example.com,!#d3C&d$0l,+44 7339-879-942
05159761,James,Wright,james.wright@example.com,(GB8Uesre+,+44 7930-792-320
92668443,Harry,Wilson,harry.wilson@example.com,T&Lmn1&n%4,+44 7481-873-397
03766287,Oliver,Davies,oliver.davies@example.com,#uXe9qd$5v,+44 7934-153-317
89044632,Oliver,Brown,oliver.brown@example.com,&o802Fy#8(,+44 7465-816-322
96335831,George,Johnson,george.johnson@example.com,6#6Ps@QfWF,+44 7244-824-511
14853002,Thomas,Davies,thomas.davies@example.com,48UYIY)n^^,+44 7256-545-992
47736317,Harry,Davies,harry.davies@example.com,^@Fo&K%e_6,+44 7858-727-496
63968674,Charlie,Taylor,charlie.taylor@example.com,Ma5A^+qaz$,+44 7254-829-154
64250982,James,Jones,james.jones@example.com,%zy7VDcaJR,+44 7351-304-739
33212511,George,Wright,george.wright@example.com,3wHQ&$BW#1,+44 7126-487-458
29048445,Thomas,Robinson,thomas.robinson@example.com,979N%J+rN(,+44 7173-518-485
88220861,George,Williams,george.williams@example.com,%s2Ig&!h@8,+44 7956-237-772
80069438,Oscar,Wilson,oscar.wilson@example.com,#9BGxhODbi,+44 7201-474-491
29487277,Harry,Wilson,harry.wilson@example.com,$30xPccYYo,+44 7993-331-268
06627232,Oliver,Williams,oliver.williams@example.com,#8@)uNStAY,+44 7258-789-174
73785041,James,Smith,james.smith@example.com,*4G(CnXT1o,+44 7856-594-173
06480866,James,Brown,james.brown@example.com,b8MDfPzT!i,+44 7167-864-968
39051885,Charlie,Wright,charlie.wright@example.com,z$&2UsVie6,+44 7452-418-416
34959677,William,Wright,william.wright@example.com,+F%Fs5y_0W,+44 7306-585-488
06445660,Oliver,Jones,oliver.jones@example.com,&4pH8w3$ag,+44 7367-400-682
87412635,Harry,Brown,harry.brown@example.com,wC8R+OScw$,+44 7204-456-944
97455813,Oscar,Robinson,oscar.robinson@example.com,r5B3tNYxh&,+44 7722-563-888
60059646,James,Robinson,james.robinson@example.com,+h2%9wQzk(,+44 7232-831-437
69189074,William,Davies,william.davies@example.com,ea1pAktp^M,+44 7205-564-928
29764431,Jack,Wright,jack.wright@example.com,hG#CfR2d&0,+44 7144-950-935
98498209,William,Johnson,william.johnson@example.com,X4F5Vkmm(A,+44 7355-881-155
66549611,Oscar,Davies,oscar.davies@example.com,ps%288Js@x,+44 7808-825-395
02411624,Jacob,Williams,jacob.williams@example.com,O67xIgXd^H,+44 7827-942-691
34713608,Harry,Wilson,harry.wilson@example.com,#y2kZFNz_6,+44 7365-300-142
82109446,Jacob,Johnson,jacob.johnson@example.com,_V4Mc$Ygi8,+44 7596-425-744
71565222,Oliver,Jones,oliver.jones@example.com,R4gYEicn+G,+44 7751-997-155
43621892,Oliver,Smith,oliver.smith@example.com,9jN0lV(l&*,+44 7711-805-534
91740993,Jacob,Smith,jacob.smith@example.com,@sT4Zrrpew,+44 7820-211-875
89193098,Charlie,Robinson,charlie.robinson@example.com,4w4bV(la#V,+44 7272-461-898
10770778,Jack,Jones,jack.jones@example.com,oY7qqMvVc(,+44 7456-742-869
48221361,Harry,Davies,harry.davies@example.com,m_1FNowuXu,+44 7584-406-516
18107474,Charlie,Jones,charlie.jones@example.com,)YG2_IJsQ+,+44 7447-869-147
66495619,Jacob,Wright,jacob.wright@example.com,*S&44DwBrt,+44 7220-415-325
79002867,Oscar,Johnson,oscar.johnson@example.com,Mh2fYDuTA&,+44 7189-508-417
75323989,William,Robinson,william.robinson@example.com,%V1qnHhk9p,+44 7512-771-789
30826573,Charlie,Smith,charlie.smith@example.com,@&02CatyCV,+44 7906-812-505
80794636,Jack,Brown,jack.brown@example.com,q24McCzE_4,+44 7175-921-381
38901842,Harry,Smith,harry.smith@example.com,M#3)sWZpED,+44 7270-818-601
90072198,Jacob,Taylor,jacob.taylor@example.com,sxx7BrPFl!,+44 7623-994-410
05722188,William,Smith,william.smith@example.com,i^q0Tit*w^,+44 7896-129-136
46777175,Jack,Williams,jack.williams@example.com,!J(JZp@QY5,+44 7121-968-634
11301931,Oscar,Smith,oscar.smith@example.com,05Rrbvs7%U,+44 7665-423-253
92603419,James,Taylor,james.taylor@example.com,^8aYAqR4Ze,+44 7483-745-699
25111702,Oscar,Wright,oscar.wright@example.com,H85Hb+lm*5,+44 7802-949-166
29929245,Jacob,Taylor,jacob.taylor@example.com,D+3M$6r05&,+44 7827-145-495
41619715,Harry,Smith,harry.smith@example.com,!4#1GVilKk,+44 7391-887-133
98178198,Oliver,Jones,oliver.jones@example.com,BXYx%Ju^_8,+44 7143-459-140
96301578,Jacob,Jones,jacob.jones@example.com,f)8UG_m2@t,+44 7794-192-509
55316891,George,Johnson,george.johnson@example.com,&0TZdJ7#o0,+44 7496-643-470
05063521,Oscar,Robinson,oscar.robinson@example.com,u#2A6mNaxu,+44 7294-818-337
49132943,Charlie,Wilson,charlie.wilson@example.com,&C+AbSO81o,+44 7714-502-715
74770163,Thomas,Wilson,thomas.wilson@example.com,_EG#^3in52,+44 7771-920-477
35428357,George,Davies,george.davies@example.com,)3pojJRs!8,+44 7843-131-651
54287297,Jacob,Robinson,jacob.robinson@example.com,$4CUzY2(gY,+44 7852-196-470
18350043,Oscar,Davies,oscar.davies@example.com,*(L0G%Jk^i,+44 7626-491-722
51760591,Thomas,Robinson,thomas.robinson@example.com,LY6ighdd@2,+44 7108-997-346
09331674,Harry,Johnson,harry.johnson@example.com,A*8@)CkWug,+44 7236-774-979
92764519,Harry,Jones,harry.jones@example.com,69NqRotX)m,+44 7304-442-458
65638896,Jacob,Davies,jacob.davies@example.com,10sU5Q%j@q,+44 7301-132-760
69707946,George,Smith,george.smith@example.com,HnChx+er%7,+44 7375-821-825
79998089,George,Williams,george.williams@example.com,__Z6jI)z8m,+44 7781-422-405
13095797,Oliver,Brown,oliver.brown@example.com,r69KTTCh#t,+44 7823-562-277
32018608,Thomas,Smith,thomas.smith@example.com,_2X!E&HEvm,+44 7889-561-632
62420051,Oscar,Davies,oscar.davies@example.com,JTFd7dIle&,+44 7992-947-793
77886394,Oliver,Smith,oliver.smith@example.com,8_Sn4mZz_6,+44 7290-166-546
17014977,Jack,Williams,jack.williams@example.com,&VdZ*xn^b8,+44 7911-971-172
08180574,William,Johnson,william.johnson@example.com,U$m0gZxo0l,+44 7126-113-904
27874337,Jacob,Robinson,jacob.robinson@example.com,+0u6SjCc)!,+44 7968-864-811
86177838,Harry,Wright,harry.wright@example.com,_^Y3kYk#zj,+44 7706-110-603
36792787,James,Brown,james.brown@example.com,w1nmDk1V%O,+44 7620-968-919
74060197,William,Taylor,william.taylor@example.com,&V5ETAc_r5,+44 7123-258-486
92115454,Jack,Williams,jack.williams@example.com,+QVHi%eNs5,+44 7660-304-879
20238954,Oliver,Brown,oliver.brown@example.com,_h5pJt&9X4,+44 7388-718-556
85146160,Oscar,Davies,oscar.davies@example.com,zJHc8rDqB$,+44 7458-261-744
35604849,Thomas,Wilson,thomas.wilson@example.com,y*q8$CHl1U,+44 7735-438-936
85637934,Oliver,Smith,oliver.smith@example.com,4nHw3Wgz!^,+44 7851-389-967
79742382,Thomas,Brown,thomas.brown@example.com,CT10@tOb)y,+44 7816-782-422
25274828,Jacob,Robinson,jacob.robinson@example.com,6+9$EJr#tU,+44 7603-808-354
90296506,Harry,Davies,harry.davies@example.com,))$(9yZciS,+44 7438-395-161
37292731,Oliver,Jones,oliver.jones@example.com,lDOTt5Qc(K,+44 7222-145-729
93774814,James,Wilson,james.wilson@example.com,bb^5iPgfn#,+44 7898-503-168
67675619,Jacob,Brown,jacob.brown@example.com,%Eo9DtUf6$,+44 7563-286-233
01908533,George,Taylor,george.taylor@example.com,Q@!2Kz!j)z,+44 7846-597-528
54332861,Jack,Jones,jack.jones@example.com,Q8DEt3wq)G,+44 7335-778-494
31884803,Thomas,Taylor,thomas.taylor@example.com,@PWUwnJxj1,+44 7120-593-526
51965832,Jacob,Jones,jacob.jones@example.com,+weNuQ_sn8,+44 7137-706-328
46856470,Thomas,Brown,thomas.brown@example.com,YU9ZGVoi1$,+44 7175-109-746
75217705,Charlie,Robinson,charlie.robinson@example.com,4njUJ!ox^0,+44 7163-398-680
60283563,Oscar,Wilson,oscar.wilson@example.com,0iMBcTNQ^N,+44 7366-902-702
83255898,James,Robinson,james.robinson@example.com,d+zU5rGkI2,+44 7832-929-472
04633440,Jacob,Wilson,jacob.wilson@example.com,y93Tppho&2,+44 7380-414-920
83410562,James,Wilson,james.wilson@example.com,@VO_5*Frm8,+44 7314-806-642
01514137,James,Wright,james.wright@example.com,#8DVr_q7W2,+44 7430-660-793
37078591,Jack,Williams,jack.williams@example.com,3pIniB!T)4,+44 7120-359-819
97563734,James,Wilson,james.wilson@example.com,&Z8JVqMiOA,+44 7834-462-994
18183191,Jacob,Wright,jacob.wright@example.com,_)Ng#46m7#,+44 7915-799-113
35284823,Charlie,Williams,charlie.williams@example.com,)PTKq6sFN9,+44 7383-430-824
60840028,Oliver,Wright,oliver.wright@example.com,3@4SOjlm^),+44 7774-225-465
59060464,Jacob,Wright,jacob.wright@example.com,+@2Pk&Lxr5,+44 7164-276-679
85289421,James,Wright,james.wright@example.com,)!&0dBTj26,+44 7198-873-657
09315263,Oscar,Brown,oscar.brown@example.com,9%4Du10TV*,+44 7553-691-784
88734258,Oscar,Brown,oscar.brown@example.com,ThT)1Qa!^l,+44 7566-336-222
60222250,William,Jones,william.jones@example.com,z1KNg+)B*f,+44 7248-606-429
07284214,William,Smith,william.smith@example.com,!4gZze@06*,+44 7180-530-679
89759628,Jack,Johnson,jack.johnson@example.com,+LvVqGHgz8,+44 7859-434-329
23095539,Harry,Wright,harry.wright@example.com,8XSEY7kd!j,+44 7828-444-561
37269381,George,Smith,george.smith@example.com,m72*IF5o)K,+44 7408-610-523
45130198,Jack,Brown,jack.brown@example.com,%5VOBhQgRY,+44 7799-839-725
46672059,Thomas,Jones,thomas.jones@example.com,^F+GB)#zk5,+44 7348-998-964
20075067,James,Wilson,james.wilson@example.com,i&r1@ULxP$,+44 7749-417-746
87209441,James,Johnson,james.johnson@example.com,m^81a@JyRT,+44 7240-367-322
95453259,Jacob,Jones,jacob.jones@example.com,L1BcOl(g^x,+44 7637-837-678
09644408,William,Robinson,william.robinson@example.com,!%4)Hzy)vT,+44 7115-104-723
37089737,George,Wilson,george.wilson@example.com,^5gZ!dKUda,+44 7314-941-681
93189453,James,Wright,james.wright@example.com,#nrzCso7a0,+44 7266-547-164
99158438,Jack,Brown,jack.brown@example.com,v#91Am@$I3,+44 7665-695-698
63111483,Jacob,Jones,jacob.jones@example.com,e_2Z_HRb(3,+44 7198-160-854
54873769,Charlie,Smith,charlie.smith@example.com,X4IHDWRl_k,+44 7664-925-735
81676283,James,Smith,james.smith@example.com,9%QRI11n#&,+44 7364-368-641
68383201,George,Williams,george.williams@example.com,&iGomXnO24,+44 7854-711-932
83993809,Charlie,Robinson,charlie.robinson@example.com,tbtR7GQm%$,+44 7927-117-945
03728029,James,Johnson,james.johnson@example.com,f_!)1Oll#),+44 7903-876-587
50844243,George,Taylor,george.taylor@example.com,Uv9jSlFP!8,+44 7788-463-663
41737622,James,Brown,james.brown@example.com,87%Ih7mU%4,+44 7424-799-506
39262419,Oscar,Johnson,oscar.johnson@example.com,^4Mo%!%j&l,+44 7930-296-119
39491564,Thomas,Smith,thomas.smith@example.com,Q*f31IrexJ,+44 7963-172-200
25542085,Oliver,Taylor,oliver.taylor@example.com,a!4WJgp3Mv,+44 7279-408-833
35723736,Harry,Robinson,harry.robinson@example.com,D1LCnGNd&+,+44 7494-917-501
94899440,George,Jones,george.jones@example.com,%60KGk6AU),+44 7297-799-890
69118813,James,Robinson,james.robinson@example.com,0wUW#^Om%l,+44 7189-458-820
68384870,Jacob,Smith,jacob.smith@example.com,)4P(1lamH7,+44 7531-324-326
97599656,James,Robinson,james.robinson@example.com,o#j0ObV7Fl,+44 7687-812-998
85271476,Charlie,Davies,charlie.davies@example.com,_%05kNVkm_,+44 7645-686-230
03305288,Charlie,Davies,charlie.davies@example.com,Omh_8Zu8TL,+44 7548-457-291
32989121,Jack,Taylor,jack.taylor@example.com,+oF7hzOy_#,+44 7150-722-111
73031131,Jacob,Wright,jacob.wright@example.com,A9*4Ma9cOr,+44 7415-976-973
44063600,Harry,Smith,harry.smith@example.com,^vINjS$y8),+44 7466-550-124
77476694,James,Johnson,james.johnson@example.com,NK58SLu(^4,+44 7934-763-767
13620337,Harry,Johnson,harry.johnson@example.com,)mWPBn90Z1,+44 7949-751-141
27804746,Jacob,Jones,jacob.jones@example.com,y%8S)HrN+K,+44 7665-547-635
40791690,Jacob,Brown,jacob.brown@example.com,^3S0RV#r2o,+44 7854-957-639
40550509,Jack,Davies,jack.davies@example.com,_bs44AyHV5,+44 7792-747-206
82039563,Charlie,Williams,charlie.williams@example.com,)eOeC2OD%2,+44 7668-279-242
49649270,Harry,Brown,harry.brown@example.com,WM9PGZ%ge*,+44 7510-321-950
58082702,Harry,Williams,harry.williams@example.com,qOB3KfhnI$,+44 7392-208-509
64802192,Jack,Davies,jack.davies@example.com,H5bASwqv%p,+44 7168-527-770
99548768,George,Johnson,george.johnson@example.com,b2_*n^Va!(,+44 7411-906-188
83101727,William,Johnson,william.johnson@example.com,(lJPAw9Ua7,+44 7850-646-738
39711805,Harry,Williams,harry.williams@example.com,vd3j*3Wy9$,+44 7695-304-908
34824744,William,Wilson,william.wilson@example.com,m0PAsd%N_V,+44 7767-261-944
01979689,Thomas,Smith,thomas.smith@example.com,108@QMYv!s,+44 7688-630-710
02598650,Oliver,Williams,oliver.williams@example.com,Jq8VpzhI^_,+44 7913-314-398
44124420,Jack,Johnson,jack.johnson@example.com,j#g+K5Vl+8,+44 7473-768-323
94064654,Charlie,Wright,charlie.wright@example.com,1&#5sHXdj1,+44 7491-383-165
74876251,Charlie,Wilson,charlie.wilson@example.com,*sv%XhMKo9,+44 7599-267-631
22587199,James,Wright,james.wright@example.com,%5xEVb^rcx,+44 7377-327-578
26531598,Oliver,Williams,oliver.williams@example.com,U5*(4VXj#_,+44 7624-829-178
00266836,Thomas,Davies,thomas.davies@example.com,DfD22*Ry+9,+44 7652-808-899
89332621,James,Wilson,james.wilson@example.com,s6KTa()k)t,+44 7430-901-325
12773007,Oscar,Robinson,oscar.robinson@example.com,R)84EFbDhh,+44 7717-578-689
14577864,Harry,Wright,harry.wright@example.com,o_ZG9FwQ@6,+44 7935-483-481
71775191,William,Williams,william.williams@example.com,56INO9Op$b,+44 7359-937-273
95816938,Jack,Wright,jack.wright@example.com,zq0Blrnv_4,+44 7358-297-123
68559421,George,Johnson,george.johnson@example.com,h(mK6uNj$O,+44 7288-843-481
21593470,Jacob,Wilson,jacob.wilson@example.com,H@O67tMxpN,+44 7312-697-530
78100920,Thomas,Williams,thomas.williams@example.com,D6V7Zdva&0,+44 7646-738-371
81398245,George,Wilson,george.wilson@example.com,_+zKoYrb7E,+44 7884-671-181
60532592,George,Robinson,george.robinson@example.com,(5Nsd1QmL_,+44 7923-327-942
30775336,William,Davies,william.davies@example.com,+)1Xj1Wxd0,+44 7691-987-320
44706529,Oscar,Wright,oscar.wright@example.com,^E5oQvLjf6,+44 7966-777-302
28412251,Jack,Davies,jack.davies@example.com,(ZJPDtoW0E,+44 7969-112-815
72920949,Thomas,Wilson,thomas.wilson@example.com,%%Ub5p(0j7,+44 7247-157-359
38252159,William,Brown,william.brown@example.com,!lK4xoAr#7,+44 7631-953-761
17421114,Oliver,Wilson,oliver.wilson@example.com,&_7HaUoLLI,+44 7215-208-911
27385860,James,Johnson,james.johnson@example.com,&aR5Bxi8B*,+44 7972-936-973
12761234,Jacob,Brown,jacob.brown@example.com,gc@0@HFmSE,+44 7717-115-458
90037702,James,Williams,james.williams@example.com,5)LX$Czp#0,+44 7199-136-300
72691095,Charlie,Brown,charlie.brown@example.com,@rBZDglUm1,+44 7926-539-473
19106475,William,Williams,william.williams@example.com,tT3LGoXw@9,+44 7108-658-360
46687292,Jacob,Wilson,jacob.wilson@example.com,&#Z9Ukdj)8,+44 7866-645-720
78270464,Oscar,Williams,oscar.williams@example.com,#thQSWEbI1,+44 7651-462-394
98748492,Thomas,Davies,thomas.davies@example.com,)JAUal*v21,+44 7772-696-215
86817407,Oscar,Taylor,oscar.taylor@example.com,+1HIDwV4p2,+44 7270-285-308
46182393,Jacob,Davies,jacob.davies@example.com,)h2JRw$e)1,+44 7825-271-796
03419385,Jack,Smith,jack.smith@example.com,G&o_8VWda8,+44 7829-908-411
03107257,James,Jones,james.jones@example.com,_3LRvN2&iT,+44 7200-472-491
52928247,Oliver,Wright,oliver.wright@example.com,^aR7S5SXi%,+44 7657-142-604
45162277,Charlie,Taylor,charlie.taylor@example.com,Y5ELHk5b*3,+44 7922-490-584
03655270,George,Robinson,george.robinson@example.com,+nOzixrs#2,+44 7951-785-213
52215495,William,Brown,william.brown@example.com,Bs7nqZWTX^,+44 7293-544-833
25191556,Oliver,Robinson,oliver.robinson@example.com,_b57@@LsF$,+44 7330-395-533
59744733,James,Johnson,james.johnson@example.com,lx9HPe*ln+,+44 7149-519-749
87803790,Oliver,Davies,oliver.davies@example.com,(C4pM0z5bN,+44 7589-393-983
06917514,Jacob,Wright,jacob.wright@example.com,Wz2nNwhQ(J,+44 7654-464-222
92462108,Jacob,Johnson,jacob.johnson@example.com,4!BXQ4Cl!b,+44 7617-693-378
95619021,William,Taylor,william.taylor@example.com,nE8F3KBmP+,+44 7823-501-958
94897460,Charlie,Smith,charlie.smith@example.com,!T8ZmFR9ed,+44 7147-141-657
05752084,William,Robinson,william.robinson@example.com,M$qx63PgXL,+44 7546-637-131
68445423,Jacob,Williams,jacob.williams@example.com,^1)u5gHm@*,+44 7540-485-199
52047141,William,Wilson,william.wilson@example.com,(9ZsYg*#81,+44 7624-923-329
68818921,Oliver,Taylor,oliver.taylor@example.com,)^0NcJXv0a,+44 7467-660-671
07681097,James,Davies,james.davies@example.com,3!qOPu6*(p,+44 7318-719-608
96910047,Harry,Jones,harry.jones@example.com,1FIdr5l0+4,+44 7349-324-778
83571033,Charlie,Johnson,charlie.johnson@example.com,__2Did$FDC,+44 7833-529-677
84859247,Thomas,Robinson,thomas.robinson@example.com,nhE)7WQu_9,+44 7769-629-263
20504036,Oscar,Johnson,oscar.johnson@example.com,%dFhCC^RS0,+44 7810-236-776
44023496,Charlie,Robinson,charlie.robinson@example.com,M3WT$VGy^C,+44 7552-549-972
24031543,Oscar,Wilson,oscar.wilson@example.com,O!g6eiWqVO,+44 7386-677-115
09460909,Oliver,Davies,oliver.davies@example.com,I3l_XYdf^q,+44 7172-615-419
53256289,Charlie,Wright,charlie.wright@example.com,8+t&z$Wf$h,+44 7995-750-524
84411421,Oscar,Davies,oscar.davies@example.com,2#04Mke%pa,+44 7122-983-670
63738873,Oliver,Wright,oliver.wright@example.com,(8)%Nc&QSH,+44 7312-941-877
02269037,Oliver,Brown,oliver.brown@example.com,VNZR2tJq%@,+44 7646-325-364
76927429,Harry,Davies,harry.davies@example.com,+7sWMAV_yH,+44 7398-884-234
85371480,George,Smith,george.smith@example.com,$cnDe_Vz42,+44 7664-209-523
09822014,James,Johnson,james.johnson@example.com,^7ldJtDs$8,+44 7308-715-430
30655018,Oscar,Johnson,oscar.johnson@example.com,^tY&RHf!L8,+44 7377-457-882
38273246,Harry,Taylor,harry.taylor@example.com,43N$Q1Zw@V,+44 7884-137-764
36837886,William,Taylor,william.taylor@example.com,*c5DyNGm7*,+44 7479-869-669
25593507,James,Johnson,james.johnson@example.com,J09WzKZJ%d,+44 7818-599-814
24803537,Thomas,Wright,thomas.wright@example.com,)$5ieFDi1C,+44 7459-995-735
71055085,Charlie,Davies,charlie.davies@example.com,g@5fXXmlEj,+44 7286-811-839
23804837,Jack,Wilson,jack.wilson@example.com,z1S_Nag6#i,+44 7102-157-926
15048971,Oliver,Williams,oliver.williams@example.com,5!3ohL9zwU,+44 7251-370-473
85637300,George,Taylor,george.taylor@example.com,#d6bEoOZld,+44 7235-724-511
06694665,James,Robinson,james.robinson@example.com,!d1JVYnrDG,+44 7708-268-458
04435399,Jacob,Wright,jacob.wright@example.com,lB5@FUGcO_,+44 7297-142-117
18345766,William,Taylor,william.taylor@example.com,(wrSXmPnT2,+44 7514-767-865
40679331,Harry,Johnson,harry.johnson@example.com,@9Aw$DPzeg,+44 7954-144-240
87603620,James,Smith,james.smith@example.com,*84gKSxea%,+44 7983-976-821
29901310,Oscar,Johnson,oscar.johnson@example.com,!s5JP3Cnf9,+44 7583-160-229
24259222,Oliver,Smith,oliver.smith@example.com,y6AZBFi0+E,+44 7217-616-725
63824322,Jack,Davies,jack.davies@example.com,50UPyte6!E,+44 7364-260-406
88140644,Oscar,Robinson,oscar.robinson@example.com,i#$0i1JeYo,+44 7916-447-945
54344551,Jack,Williams,jack.williams@example.com,jSq0BowP6_,+44 7163-633-128
58010497,Charlie,Smith,charlie.smith@example.com,c2SiVtwp#5,+44 7303-322-840
20452155,William,Jones,william.jones@example.com,$2YqWhjO53,+44 7524-616-226
53893267,Charlie,Taylor,charlie.taylor@example.com,KZ&x3Zjc#V,+44 7498-770-283
60857154,Jacob,Wilson,jacob.wilson@example.com,HUM5WLhe_w,+44 7648-747-642
45086004,Thomas,Wright,thomas.wright@example.com,!U4wSuw424,+44 7565-932-304
20508723,Oliver,Taylor,oliver.taylor@example.com,K9ShC4Ve)2,+44 7797-554-631
25015595,Oscar,Brown,oscar.brown@example.com,nN!h2SWbtP,+44 7145-128-473
41878794,Charlie,Jones,charlie.jones@example.com,%+ploWzer8,+44 7223-380-558
41907838,Oliver,Robinson,oliver.robinson@example.com,w+1jGGml6),+44 7315-939-433
51457059,William,Robinson,william.robinson@example.com,p4&Z*dNe*2,+44 7316-372-942
55899512,Oliver,Johnson,oliver.johnson@example.com,xf9AUduv!Q,+44 7572-768-565
23200089,Oliver,Robinson,oliver.robinson@example.com,e!61!eTeJI,+44 7163-700-157
41058327,Thomas,Jones,thomas.jones@example.com,5eGfWyKV+i,+44 7694-550-642
75396135,William,Williams,william.williams@example.com,)aBSeFj06S,+44 7882-891-270
48950433,Jack,Taylor,jack.taylor@example.com,)1BlUM2n!F,+44 7567-603-636
08121676,Oscar,Wilson,oscar.wilson@example.com,xMo@7UBh$I,+44 7852-865-512
42518563,Jacob,Wilson,jacob.wilson@example.com,8VIxV%rM$2,+44 7356-333-993
39324580,Harry,Robinson,harry.robinson@example.com,(6ESJfef7(,+44 7597-222-852
84301628,Oliver,Jones,oliver.jones@example.com,k3#&oOlL_1,+44 7268-473-407
68484169,Charlie,Smith,charlie.smith@example.com,IiC#M3Iair,+44 7190-228-208
65000337,Jack,Johnson,jack.johnson@example.com,)qkSrnDj34,+44 7121-654-121
19734991,Jack,Williams,jack.williams@example.com,U1AT9@hj&l,+44 7385-267-989
79636833,Thomas,Wilson,thomas.wilson@example.com,flPt^P5N*3,+44 7320-967-743
85125848,Oscar,Wright,oscar.wright@example.com,0Iz79VUuE%,+44 7857-430-656
73451742,Oliver,Johnson,oliver.johnson@example.com,!LG+WoJH92,+44 7929-248-509
82229196,George,Smith,george.smith@example.com,ss64C#00&7,+44 7865-785-364
64885657,Jacob,Wilson,jacob.wilson@example.com,M386EVku)G,+44 7189-296-579
96145485,William,Taylor,william.taylor@example.com,%#KFs69C&6,+44 7610-775-515
47210282,Oliver,Williams,oliver.williams@example.com,!8LYMAp!%7,+44 7638-306-982
03347777,Jacob,Brown,jacob.brown@example.com,l+6Cg$me5s,+44 7883-511-563
23642484,Harry,Taylor,harry.taylor@example.com,otA4XXYg3@,+44 7736-926-802
07251712,Thomas,Jones,thomas.jones@example.com,Ebq8Zts7%V,+44 7485-925-695
96502615,Harry,Davies,harry.davies@example.com,S7fntZKh_L,+44 7954-399-464
60703625,William,Wilson,william.wilson@example.com,(Jd7k#Dfzw,+44 7727-763-395
37998206,William,Jones,william.jones@example.com,b)2)cAUuLE,+44 7413-181-605
72752085,Jacob,Johnson,jacob.johnson@example.com,^s5e4Tno^p,+44 7161-710-270
15906504,Thomas,Wilson,thomas.wilson@example.com,O+1M0vHGJq,+44 7928-993-353
28834124,Charlie,Williams,charlie.williams@example.com,NQV(&8VndI,+44 7328-749-225
60355624,Jack,Davies,jack.davies@example.com,pB79ccPmO$,+44 7246-448-690
28115224,Charlie,Williams,charlie.williams@example.com,jc8HSdk)#F,+44 7276-285-882
46803585,William,Wilson,william.wilson@example.com,(e8OqjfK&Z,+44 7386-206-595
00303033,Oliver,Williams,oliver.williams@example.com,@)9V8v!Dbx,+44 7167-117-550
88343808,Oliver,Robinson,oliver.robinson@example.com,WHQ_7HYb0$,+44 7290-933-354
55541757,Jack,Wright,jack.wright@example.com,I0lNYcEz+D,+44 7600-679-210
05055418,Oliver,Wilson,oliver.wilson@example.com,N+0XMKCp#v,+44 7144-934-839
49030800,Jack,Jones,jack.jones@example.com,4YJ2dTEN)a,+44 7433-762-554
37747845,Oliver,Davies,oliver.davies@example.com,P2g1W%_u%0,+44 7654-860-346
34162821,James,Jones,james.jones@example.com,ot$t9Lnti3,+44 7751-420-633
89857506,Harry,Smith,harry.smith@example.com,+ERwu^vL%2,+44 7578-601-900
10870065,George,Wright,george.wright@example.com,0FawYhzm&f,+44 7655-478-129
88841557,Harry,Wilson,harry.wilson@example.com,0(VlMvpg_u,+44 7141-167-516
89148404,George,Williams,george.williams@example.com,#0uGGss1)v,+44 7325-729-499
38816333,James,Robinson,james.robinson@example.com,Z(3&Z9cXpB,+44 7241-484-141
23269624,Oliver,Taylor,oliver.taylor@example.com,tF2BH@mrL#,+44 7687-455-977
27314146,Jack,Johnson,jack.johnson@example.com,Ahg$6Z#a@t,+44 7951-893-808
12301685,Jacob,Johnson,jacob.johnson@example.com,j95YwrwEm*,+44 7528-442-929
89720398,Harry,Robinson,harry.robinson@example.com,M5unSvfD_2,+44 7550-657-770
50289740,Harry,Taylor,harry.taylor@example.com,L&5dUnv(@Y,+44 7651-258-446
81102467,William,Smith,william.smith@example.com,@Sb2YptQd*,+44 7478-922-101
93066447,Oscar,Williams,oscar.williams@example.com,(ld7p(YrL+,+44 7745-842-631
35941123,James,Williams,james.williams@example.com,C9O#07qi_P,+44 7183-256-887
00933770,Oliver,Davies,oliver.davies@example.com,M9&)xkYp&4,+44 7609-219-378
35723893,Jacob,Jones,jacob.jones@example.com,t5UH7dsV_4,+44 7649-430-192
28078763,Oliver,Jones,oliver.jones@example.com,2Cth1ObD$a,+44 7937-205-261
96997489,Charlie,Davies,charlie.davies@example.com,$xUFVws_N3,+44 7415-875-546
16030008,Harry,Jones,harry.jones@example.com,0NxeWDJ((y,+44 7191-618-911
04752649,Thomas,Jones,thomas.jones@example.com,oRigjLsW$6,+44 7281-119-603
19232563,Charlie,Robinson,charlie.robinson@example.com,T!sTR25f)3,+44 7760-374-221
90962684,Oliver,Taylor,oliver.taylor@example.com,ryS$9BgcSY,+44 7245-557-691
86194631,James,Smith,james.smith@example.com,m#7zHOylK9,+44 7442-719-141
25524161,James,Williams,james.williams@example.com,*50m*Ei6Q#,+44 7682-373-761
85195348,Charlie,Taylor,charlie.taylor@example.com,L^q7CZSadU,+44 7900-907-584
04926506,George,Taylor,george.taylor@example.com,6xT@WfXW)k,+44 7677-326-557
68659773,James,Smith,james.smith@example.com,LS*6YOlVV$,+44 7530-576-183
53257419,Jacob,Williams,jacob.williams@example.com,W1AhQU1x@j,+44 7841-611-965
93009612,Oliver,Brown,oliver.brown@example.com,m_P25Vv#Or,+44 7588-451-456
66116169,George,Davies,george.davies@example.com,^uHu*JLCG4,+44 7603-514-980
49218756,James,Williams,james.williams@example.com,7#06F$lkiZ,+44 7644-283-162
51486991,George,Brown,george.brown@example.com,+3RAWdOr^^,+44 7679-638-648
35735711,George,Taylor,george.taylor@example.com,)9rF%%tx&D,+44 7984-110-881
72507230,William,Wilson,william.wilson@example.com,l9)o(wQs$q,+44 7796-654-728
82451019,Charlie,Smith,charlie.smith@example.com,)CALO8jZX0,+44 7623-261-507
84872555,Thomas,Jones,thomas.jones@example.com,^iN+LGqg59,+44 7906-356-651
86419723,Thomas,Jones,thomas.jones@example.com,@qEA07Ty4j,+44 7677-171-731
78295639,Charlie,Wright,charlie.wright@example.com,7aY5&1WytE,+44 7897-403-344
86515174,Charlie,Robinson,charlie.robinson@example.com,25wAS3Pa&F,+44 7878-624-909
66272696,George,Wilson,george.wilson@example.com,cq@8@pQzSw,+44 7598-737-438
53867628,Jack,Smith,jack.smith@example.com,++0IIcayXc,+44 7944-374-516
62392886,William,Brown,william.brown@example.com,Q9P%0eBt5p,+44 7934-346-417
87696655,Oliver,Johnson,oliver.johnson@example.com,$)8LIs_Bht,+44 7748-633-662
69134707,Thomas,Taylor,thomas.taylor@example.com,_qFGtE&kV7,+44 7631-690-157
36117220,Harry,Taylor,harry.taylor@example.com,lWmwG*KG&0,+44 7837-386-342
32225244,Thomas,Johnson,thomas.johnson@example.com,)_h9WWk7Pe,+44 7843-437-594
53017461,Oscar,Smith,oscar.smith@example.com,ORA4AMhGJ%,+44 7190-462-816
85550960,Oscar,Wright,oscar.wright@example.com,aGbVA1Crq#,+44 7158-552-969
59351092,James,Jones,james.jones@example.com,vs6Uxtev*#,+44 7583-102-570
38776041,William,Davies,william.davies@example.com,a^70IcEv#Q,+44 7407-739-146
68137259,William,Davies,william.davies@example.com,m!i4F8vRHR,+44 7738-723-383
12586315,Thomas,Johnson,thomas.johnson@example.com,$y5eC)1yT%,+44 7816-471-697
33085689,Oscar,Smith,oscar.smith@example.com,*h*mFGAhl8,+44 7363-629-877
52869480,Oscar,Wilson,oscar.wilson@example.com,s^Ng0UEuhW,+44 7830-576-122
33573765,Jack,Taylor,jack.taylor@example.com,)7UJGhzPep,+44 7368-289-101
62149595,William,Jones,william.jones@example.com,#!zAp4y739,+44 7904-760-238
85079190,Thomas,Davies,thomas.davies@example.com,o%4X6Jr)yI,+44 7522-655-606
69858144,James,Williams,james.williams@example.com,qY*Quc&D!9,+44 7326-372-204
99930355,Jack,Wright,jack.wright@example.com,t)blzOJp^2,+44 7923-873-736
71513388,Oliver,Brown,oliver.brown@example.com,l$^WKpnZ)3,+44 7369-346-505
79902422,Jack,Davies,jack.davies@example.com,_tq%F8KkLj,+44 7824-926-744
70693575,Jack,Davies,jack.davies@example.com,noI*7^Qu0V,+44 7870-224-262
39021370,William,Taylor,william.taylor@example.com,f&9efVRssF,+44 7899-224-853
34021635,Jack,Robinson,jack.robinson@example.com,lA5oRz5c)F,+44 7880-311-991
85165405,Jacob,Johnson,jacob.johnson@example.com,*1gUMNenbK,+44 7913-312-685
00537942,James,Johnson,james.johnson@example.com,(+G^%Ye0U5,+44 7328-468-318
13331126,Charlie,Davies,charlie.davies@example.com,yk7zWxXO#5,+44 7227-276-971
37205061,George,Robinson,george.robinson@example.com,^nirpLO0^6,+44 7256-438-423
11190238,Jacob,Smith,jacob.smith@example.com,#SVFsLZy^4,+44 7514-890-479
08281230,James,Wilson,james.wilson@example.com,r(#C71Aayj,+44 7916-218-857
04181650,Thomas,Jones,thomas.jones@example.com,*3K5Idfai8,+44 7916-887-416
00117811,George,Davies,george.davies@example.com,n&Ap^8JmQE,+44 7764-957-567
23984961,Jacob,Johnson,jacob.johnson@example.com,8Ac9p4(s)h,+44 7193-700-606
15566859,William,Robinson,william.robinson@example.com,gx%&3!ToTs,+44 7509-943-342
55797660,Oliver,Davies,oliver.davies@example.com,L_V^3Zb3Yv,+44 7298-384-940
72743594,Thomas,Williams,thomas.williams@example.com,2cn8GLku#J,+44 7289-997-171
68402557,James,Wright,james.wright@example.com,(+r1W3Yf(U,+44 7426-180-276
57012192,James,Jones,james.jones@example.com,^UBY4DkT@5,+44 7189-187-376
10000539,Jacob,Wilson,jacob.wilson@example.com,c_)q1S&r%6,+44 7980-389-253
63796615,Oscar,Wilson,oscar.wilson@example.com,#8Qv^4VkAe,+44 7962-371-795
18143073,William,Davies,william.davies@example.com,k@&7EEHlkS,+44 7515-321-427
84927710,Harry,Brown,harry.brown@example.com,@prGf6R156,+44 7682-570-272
86876532,Harry,Brown,harry.brown@example.com,^2cS!AsYit,+44 7830-700-589
19628024,Oscar,Robinson,oscar.robinson@example.com,FR5MVWaj*U,+44 7692-510-658
36008513,Jack,Wright,jack.wright@example.com,#HXHamlnK7,+44 7806-832-754
18371801,Oliver,Johnson,oliver.johnson@example.com,b5lRl1l&@W,+44 7865-847-469
08530976,Harry,Robinson,harry.robinson@example.com,ZXDER5m_$4,+44 7905-523-156
13049288,Jacob,Taylor,jacob.taylor@example.com,p_5VpiVx+S,+44 7646-822-670
36265802,James,Jones,james.jones@example.com,r*5L_1YoJg,+44 7110-758-958
84815671,Jacob,Taylor,jacob.taylor@example.com,XBd9gjYiZ*,+44 7252-354-596
37233056,Jack,Jones,jack.jones@example.com,@0cXA&McYh,+44 7931-557-469
24778701,Charlie,Wilson,charlie.wilson@example.com,G(b4KXy*pg,+44 7229-694-700
70250568,Harry,Smith,harry.smith@example.com,3&44t6RW%j,+44 7125-487-445
97968734,William,Brown,william.brown@example.com,9yGCK0iP#V,+44 7853-604-260
48311142,Oscar,Brown,oscar.brown@example.com,hrRx6d%$@2,+44 7231-682-612
43955842,George,Jones,george.jones@example.com,(U9DwZ5fG0,+44 7890-426-291
75925406,Harry,Brown,harry.brown@example.com,lJ5GdR3nH*,+44 7559-724-499
30966826,Jacob,Johnson,jacob.johnson@example.com,$w9OEDDv7),+44 7273-214-357
84318330,Oscar,Wilson,oscar.wilson@example.com,PWo0XI9y)1,+44 7735-100-149
94040136,Thomas,Smith,thomas.smith@example.com,J84HpJzl#c,+44 7759-506-682
76568107,Jacob,Jones,jacob.jones@example.com,(VIoKcl_o7,+44 7537-903-719
54568142,Oliver,Jones,oliver.jones@example.com,%n0X(jhtD(,+44 7882-711-746
58827195,William,Robinson,william.robinson@example.com,Q#t%3GE75s,+44 7571-453-191
45720088,George,Johnson,george.johnson@example.com,oW635GZk%%,+44 7350-566-409
97444751,George,Smith,george.smith@example.com,^85Xx5bdo^,+44 7155-280-454
35636075,Thomas,Taylor,thomas.taylor@example.com,ww^qq3Eze%,+44 7446-561-264
83552798,George,Smith,george.smith@example.com,&2mYYcSIV0,+44 7149-722-330
25422394,Harry,Jones,harry.jones@example.com,k!6IRGpfZ!,+44 7869-808-409
77239951,William,Wright,william.wright@example.com,9aLP^kyx+G,+44 7158-955-912
39237248,Thomas,Smith,thomas.smith@example.com,6xj^9nTxof,+44 7344-279-307
63297263,Harry,Wilson,harry.wilson@example.com,V*6T*iQyu),+44 7388-786-165
37557899,Jacob,Taylor,jacob.taylor@example.com,$m0SGwa%q6,+44 7364-766-886
72938420,Charlie,Wright,charlie.wright@example.com,+37e(GdhYd,+44 7277-784-185
82680486,Jacob,Johnson,jacob.johnson@example.com,&q0&@PEQ$9,+44 7370-185-778
24208385,Harry,Taylor,harry.taylor@example.com,fCq*9Pqic8,+44 7932-409-496
64720494,Jacob,Wright,jacob.wright@example.com,nnR%3Uddi#,+44 7681-755-495
19967108,Charlie,Wilson,charlie.wilson@example.com,icfQ40dC&3,+44 7834-903-476
07645154,Oscar,Brown,oscar.brown@example.com,%3hhUSciz7,+44 7374-469-440
93333492,Harry,Taylor,harry.taylor@example.com,(XxIVmZEh4,+44 7510-649-927
98655974,Oliver,Wilson,oliver.wilson@example.com,(T0mGMgzO3,+44 7614-147-333
34214879,Jack,Robinson,jack.robinson@example.com,A!o61T@c4d,+44 7526-611-694
71656217,George,Davies,george.davies@example.com,y$^@L5Xk(_,+44 7575-715-833
64035771,Oscar,Brown,oscar.brown@example.com,&7JmJKe#jw,+44 7783-535-814
48562721,James,Wright,james.wright@example.com,k+y634On6$,+44 7785-624-110
62215200,Oscar,Wright,oscar.wright@example.com,%hINEwyV@2,+44 7232-731-545
74082342,Jacob,Jones,jacob.jones@example.com,#eUNEwhF#2,+44 7419-842-144
81747051,Jacob,Wilson,jacob.wilson@example.com,%qkWnuBz!1,+44 7391-505-510
53532489,Thomas,Wright,thomas.wright@example.com,f6j8COe4@*,+44 7727-904-701
42202993,Oscar,Williams,oscar.williams@example.com,eY3GKd3u!C,+44 7747-966-849
20221198,William,Taylor,william.taylor@example.com,+lZ3TIhi&B,+44 7529-469-187
88002834,William,Wilson,william.wilson@example.com,)dfPu#S9i1,+44 7945-744-564
09265544,Jacob,Wright,jacob.wright@example.com,OO664Afu1&,+44 7966-553-946
47484778,Thomas,Jones,thomas.jones@example.com,5amGRag&_2,+44 7257-816-293
16553132,Oliver,Smith,oliver.smith@example.com,!+T6l$n+u9,+44 7348-960-826
43526863,Harry,Williams,harry.williams@example.com,wk)91Jqy7),+44 7774-668-969
06030194,William,Williams,william.williams@example.com,i6(7vMiv^G,+44 7144-885-794
82716648,Thomas,Williams,thomas.williams@example.com,t9S(@B)N(J,+44 7969-494-800
66042856,James,Robinson,james.robinson@example.com,&Mq5uipd&@,+44 7578-779-547
12706316,Harry,Taylor,harry.taylor@example.com,&1KRMk$$gz,+44 7366-506-293
45357408,Oscar,Wilson,oscar.wilson@example.com,$U9P+Zu!)r,+44 7961-139-273
89232368,Thomas,Johnson,thomas.johnson@example.com,N^#3JDpAq2,+44 7226-196-588
59536468,Jacob,Johnson,jacob.johnson@example.com,4&2KIiIfns,+44 7860-744-335
87258745,Jack,Brown,jack.brown@example.com,oW(Go7Kekb,+44 7161-685-691
66017983,Harry,Wilson,harry.wilson@example.com,3^0Qi4nIF),+44 7198-104-716
63003637,George,Davies,george.davies@example.com,A)9)6PdkzX,+44 7646-866-805
42098095,William,Davies,william.davies@example.com,g6K1Ueh#%d,+44 7983-713-152
94350538,Jack,Jones,jack.jones@example.com,iV2yXMml1_,+44 7836-417-951
79969386,Charlie,Jones,charlie.jones@example.com,$TBE0G6d_0,+44 7904-789-502
65422944,Oscar,Johnson,oscar.johnson@example.com,&6Y_hzY1en,+44 7165-857-875
12485163,Jacob,Taylor,jacob.taylor@example.com,*O!^1Ct*wn,+44 7945-385-993
28478921,Oliver,Wilson,oliver.wilson@example.com,^k1MVEjwzh,+44 7828-226-501
11310620,Harry,Jones,harry.jones@example.com,Jk*1Kr(QBa,+44 7583-635-750
95146234,James,Brown,james.brown@example.com,Y8Ri7TxG+O,+44 7885-265-113
07770806,James,Williams,james.williams@example.com,2bJ8RxmS^c,+44 7248-208-607
90030704,Jacob,Wright,jacob.wright@example.com,5g2IxYJd(C,+44 7968-914-484
17904151,James,Taylor,james.taylor@example.com,e2pG5XcE@r,+44 7201-523-283
00517614,George,Johnson,george.johnson@example.com,fs3G$NqPb!,+44 7665-534-252
31767053,Charlie,Wilson,charlie.wilson@example.com,qqMVV6Ue*u,+44 7624-152-399
81943439,Harry,Wright,harry.wright@example.com,8)nuH+f4)b,+44 7473-338-847
58699059,Jack,Jones,jack.jones@example.com,%sIHHQyx6m,+44 7249-611-960
65633818,Jacob,Wilson,jacob.wilson@example.com,pt5qXqWh(1,+44 7800-968-269
75906731,Harry,Wright,harry.wright@example.com,*9lwMmkrO!,+44 7194-221-517
29809597,Thomas,Williams,thomas.williams@example.com,&z(F%zQ2c8,+44 7197-371-419
67816560,Thomas,Johnson,thomas.johnson@example.com,&qaFPjWW19,+44 7546-919-992
73825557,James,Wright,james.wright@example.com,B%6qU^xJoF,+44 7258-287-391