product_id,product_name,price,category,brand,stock_quantity,release_date
1,Ms,26.61,electronics,Twimm,7423,8/3/2012
2,Dr,155.77,beauty,Quaxo,5738,9/30/2021
3,Mr,126.93,toys,Yakijo,2178,7/13/2011
4,Rev,920.84,toys,Quimm,5692,6/17/2017
5,Rev,269.64,home goods,Twitterworks,1875,6/16/2016
6,Honorable,906.9,home goods,Fadeo,9070,5/21/2017
7,Ms,155.98,electronics,InnoZ,6366,5/19/2017
8,Honorable,33.97,clothing,Jaxspan,6994,10/22/2013
9,Honorable,742.5,home goods,Eabox,1572,3/16/2014
10,Rev,184.59,beauty,Mybuzz,3510,8/30/2015
11,Honorable,302.4,electronics,Brainbox,9506,5/6/2011
12,Dr,433.88,electronics,Rhybox,4738,9/3/2017
13,Honorable,138.66,toys,Plajo,5114,12/19/2020
14,Mrs,72.08,electronics,Feedspan,4480,9/11/2011
15,Mrs,318.01,beauty,Yacero,6191,5/3/2014
16,Mr,690.34,beauty,Skinix,9778,8/6/2012
17,Mr,706.1,toys,Skiptube,2430,1/10/2016
18,Honorable,782.61,clothing,Photospace,2831,1/8/2017
19,Mrs,262.27,home goods,Trunyx,2300,3/2/2020
20,Mr,167.8,clothing,Livetube,3136,3/16/2011
21,Dr,479.38,clothing,Dablist,3318,4/30/2019
22,Honorable,287.56,home goods,Mynte,7293,4/21/2014
23,Mrs,676.45,clothing,Feedspan,9694,9/14/2010
24,Mr,148.79,electronics,Edgeblab,3832,12/16/2010
25,Mrs,512.05,electronics,Zoomdog,3341,12/15/2016
26,Ms,967.09,toys,Yotz,7077,3/31/2011
27,Rev,631.38,home goods,Riffwire,1122,10/26/2018
28,Honorable,240.76,beauty,Yacero,1723,2/25/2011
29,Dr,118.01,toys,Dabshots,6347,5/8/2018
30,Mr,960.24,beauty,Brainsphere,2955,8/5/2021
31,Dr,198.1,clothing,Mybuzz,9650,10/8/2013
32,Ms,931.81,beauty,Youfeed,8623,11/3/2012
33,Mr,354.24,clothing,Flipopia,3693,3/3/2012
34,Ms,627.09,clothing,Brainlounge,2536,12/14/2014
35,Rev,515.89,beauty,Buzzbean,2025,7/5/2021
36,Dr,280.76,beauty,Yakijo,8477,11/25/2014
37,Honorable,472.28,beauty,Quamba,3161,4/14/2017
38,Mrs,408.64,home goods,Abatz,4521,2/28/2012
39,Ms,970.38,toys,Centimia,198,9/3/2010
40,Mr,566.38,clothing,Twitterwire,386,4/24/2019
41,Rev,478.62,beauty,Gabcube,9882,12/3/2021
42,Mrs,149.64,electronics,Buzzdog,3236,11/25/2012
43,Rev,776.5,electronics,Youbridge,839,7/5/2012
44,Mr,188.26,clothing,Riffpath,1241,11/19/2017
45,Rev,867.36,electronics,Quinu,6093,9/8/2019
46,Honorable,714.59,toys,Yata,4372,7/22/2021
47,Rev,587.48,electronics,Gabtune,2499,10/15/2014
48,Rev,938.71,home goods,Skinix,9975,3/7/2018
49,Rev,529.93,toys,Trupe,445,9/13/2012
50,Dr,579.03,electronics,Centizu,9463,5/2/2020
51,Ms,391.21,electronics,Centidel,9393,12/14/2018
52,Ms,634.71,electronics,Demimbu,7121,11/8/2018
53,Dr,403.61,toys,Fanoodle,7181,5/26/2015
54,Ms,286.64,toys,InnoZ,3010,10/30/2013
55,Mrs,25.12,home goods,Vitz,4461,5/12/2018
56,Dr,710.78,beauty,Skimia,2695,11/6/2011
57,Honorable,237.74,beauty,Latz,971,12/17/2013
58,Mr,283.87,home goods,Abata,5413,6/18/2016
59,Rev,210.14,home goods,Skimia,905,2/15/2022
60,Mrs,912.03,toys,Geba,1070,3/13/2013
61,Mr,578.58,beauty,Oozz,4392,12/30/2010
62,Rev,533.22,home goods,Photospace,9857,5/25/2014
63,Mrs,176.04,electronics,Thoughtstorm,5012,9/30/2015
64,Mr,509.55,clothing,Avaveo,7377,6/10/2020
65,Mrs,48.1,clothing,Realmix,2346,3/31/2022
66,Mrs,790.35,clothing,Aimbo,788,2/3/2012
67,Mrs,649.93,clothing,Dabjam,4686,8/30/2016
68,Mr,679.3,electronics,Pixoboo,1662,5/22/2019
69,Mr,480.95,toys,Skajo,7115,9/11/2016
70,Mrs,158.96,beauty,Abata,9550,11/10/2014
71,Ms,136.6,toys,Pixonyx,9184,1/15/2017
72,Ms,257.91,electronics,Shufflebeat,4243,5/18/2020
73,Honorable,463.14,beauty,Jabbersphere,9641,11/18/2022
74,Honorable,975.71,toys,Meezzy,4735,11/27/2011
75,Ms,328.01,electronics,Skyble,8443,2/7/2014
76,Ms,213.63,toys,Skaboo,5711,10/31/2022
77,Mrs,835.11,clothing,Trupe,680,8/27/2019
78,Honorable,443.36,home goods,Topicware,1338,9/19/2012
79,Mr,969.58,beauty,Tagpad,7691,8/30/2014
80,Mrs,4.71,home goods,Vimbo,9741,5/19/2017
81,Mr,461.72,toys,Skaboo,459,1/11/2019
82,Mr,813.63,home goods,Zoonoodle,3108,11/30/2022
83,Honorable,710.82,toys,Meevee,6364,7/30/2015
84,Rev,251.49,clothing,Oyonder,2075,5/10/2013
85,Honorable,586.0,home goods,Kamba,797,3/30/2012
86,Mrs,131.96,home goods,Topiczoom,1478,10/16/2012
87,Ms,723.41,clothing,Dabfeed,1172,6/28/2018
88,Mr,851.14,home goods,Edgepulse,1462,11/6/2016
89,Dr,116.08,beauty,Edgetag,2004,2/26/2015
90,Mr,191.2,beauty,Oyoloo,4700,7/24/2011
91,Honorable,80.7,electronics,Wordtune,4356,8/13/2012
92,Ms,97.2,home goods,Fanoodle,4101,12/1/2022
93,Ms,597.1,home goods,Agivu,5794,3/2/2015
94,Dr,941.44,clothing,Skinix,7383,7/6/2022
95,Mrs,510.37,clothing,Zoomlounge,4276,8/11/2014
96,Mr,465.75,beauty,Quinu,5105,12/12/2015
97,Mrs,586.73,home goods,Talane,8594,3/27/2021
98,Dr,906.95,clothing,Photojam,2425,2/4/2022
99,Honorable,500.37,home goods,Vipe,5302,10/11/2018
100,Mr,197.68,toys,Gevee,3799,5/28/2021
101,Honorable,93.02,home goods,Skidoo,9511,3/31/2015
102,Mr,359.81,toys,Zoombox,1120,8/26/2018
103,Mr,184.06,clothing,Twimm,8952,4/8/2015
104,Mr,581.18,beauty,Mudo,947,7/15/2021
105,Honorable,371.9,electronics,Photofeed,2230,6/2/2016
106,Ms,388.31,beauty,Tambee,5108,4/11/2012
107,Rev,163.34,home goods,Eimbee,9911,3/2/2011
108,Dr,154.45,electronics,Voolia,8671,10/29/2022
109,Rev,712.93,electronics,Latz,5622,9/2/2021
110,Honorable,371.05,toys,Kwinu,3344,12/5/2010
111,Mr,895.26,toys,Skippad,5880,12/4/2017
112,Rev,269.77,home goods,Feednation,9903,9/16/2022
113,Mr,723.02,clothing,Minyx,3031,3/17/2012
114,Rev,298.1,clothing,Wordware,7149,1/16/2018
115,Dr,338.67,toys,Blognation,7513,8/27/2018
116,Mr,307.95,toys,Gabvine,9744,8/7/2018
117,Ms,798.85,electronics,Zazio,5276,3/20/2018
118,Rev,620.92,beauty,Pixonyx,5312,9/5/2019
119,Mr,138.77,beauty,Brainbox,5804,2/24/2020
120,Honorable,703.89,beauty,Oodoo,5404,8/13/2022
121,Honorable,426.59,clothing,Kazio,3437,3/29/2020
122,Ms,796.59,clothing,Devbug,6343,3/30/2013
123,Honorable,869.4,clothing,Wikibox,6239,4/14/2015
124,Mr,823.71,beauty,Eazzy,4481,1/3/2014
125,Mrs,398.23,beauty,Miboo,8278,1/31/2021
126,Honorable,279.14,clothing,Zazio,9919,7/24/2010
127,Ms,300.88,toys,Feedfire,5622,3/5/2013
128,Dr,548.02,home goods,Yambee,4568,3/25/2016
129,Ms,394.87,clothing,Photofeed,335,3/21/2019
130,Mrs,788.59,beauty,Aivee,4956,8/11/2012
131,Dr,188.02,electronics,Browsecat,4239,11/10/2022
132,Mr,476.41,electronics,Oyoloo,3728,4/21/2015
133,Mrs,363.83,toys,Flashdog,1086,6/18/2017
134,Mrs,697.06,home goods,Voonix,9097,10/7/2018
135,Dr,350.5,clothing,Avamba,6486,7/23/2018
136,Rev,503.31,clothing,Skynoodle,7169,3/6/2014
137,Rev,226.35,clothing,Topicware,8825,6/11/2012
138,Ms,609.16,clothing,Rooxo,409,11/15/2019
139,Honorable,943.11,beauty,Twitterbeat,3721,3/1/2018
140,Mrs,62.77,electronics,Mynte,9492,12/1/2019
141,Honorable,57.4,beauty,Centimia,4846,6/2/2011
142,Mr,928.01,toys,Browsezoom,9039,12/8/2022
143,Rev,279.78,electronics,Skynoodle,6980,9/3/2018
144,Dr,352.96,clothing,Chatterbridge,7378,8/26/2013
145,Mr,115.73,beauty,Twitterwire,8193,2/25/2014
146,Dr,899.87,clothing,Meembee,9754,5/4/2019
147,Honorable,82.0,toys,Skyndu,2901,3/6/2017
148,Mrs,207.21,electronics,Yodo,1702,10/31/2019
149,Mrs,621.41,beauty,Tagcat,4590,11/24/2015
150,Dr,307.4,beauty,Katz,2221,8/23/2022
151,Ms,754.77,clothing,Twiyo,4823,7/15/2017
152,Mrs,610.23,clothing,Leexo,8485,7/29/2019
153,Dr,579.87,home goods,Twimbo,4116,7/26/2017
154,Mr,256.92,home goods,Eadel,2956,8/9/2015
155,Mr,75.43,beauty,Wikizz,4542,5/12/2016
156,Ms,969.33,electronics,Eazzy,653,12/6/2017
157,Mr,452.85,home goods,BlogXS,3224,1/8/2010
158,Rev,462.68,toys,Jaloo,7452,2/21/2012
159,Rev,783.46,beauty,Gigaclub,6965,12/4/2019
160,Honorable,888.62,beauty,Jabbersphere,6690,2/2/2022
161,Ms,868.09,toys,Skyndu,8483,2/2/2019
162,Ms,997.55,beauty,Oyondu,3929,10/26/2015
163,Mrs,46.06,electronics,Voolith,6878,12/14/2010
164,Mrs,684.37,beauty,Einti,6643,2/28/2022
165,Dr,782.98,electronics,Demimbu,3785,4/21/2019
166,Mr,631.63,toys,Quamba,5563,3/14/2020
167,Ms,260.14,beauty,Midel,616,2/16/2019
168,Rev,833.17,toys,Skiba,7986,5/30/2014
169,Dr,496.92,toys,Camido,6955,12/19/2022
170,Dr,731.27,home goods,Agivu,1747,4/23/2020
171,Honorable,881.77,beauty,Brightdog,4058,9/9/2011
172,Mrs,109.93,electronics,Yabox,1777,8/3/2014
173,Rev,118.58,electronics,Feedspan,5908,3/20/2020
174,Rev,77.33,electronics,Skinix,9161,5/4/2013
175,Ms,414.61,clothing,Livetube,9947,9/29/2016
176,Dr,824.07,home goods,Eire,5957,11/27/2016
177,Honorable,783.65,home goods,Quatz,6984,3/7/2018
178,Dr,969.71,clothing,Skibox,3710,4/24/2016
179,Ms,993.6,home goods,Mudo,2002,8/4/2021
180,Mr,593.59,beauty,Twitterbridge,3453,7/20/2016
181,Rev,585.28,home goods,Jaloo,3967,2/22/2018
182,Rev,893.15,beauty,Browsezoom,8403,11/3/2019
183,Mrs,101.04,toys,Bubblebox,5756,2/18/2019
184,Mrs,366.47,electronics,Miboo,8149,2/22/2020
185,Dr,331.26,electronics,Topicblab,5537,3/24/2021
186,Mr,483.22,toys,Skyndu,8012,3/8/2019
187,Honorable,391.34,home goods,Bubbletube,3678,12/30/2021
188,Mr,381.45,toys,Divape,463,7/23/2021
189,Dr,543.82,electronics,Twitterwire,7560,3/18/2016
190,Mrs,162.04,toys,Oozz,24,12/26/2022
191,Rev,492.25,beauty,Leenti,2107,11/3/2012
192,Rev,814.0,electronics,Thoughtblab,8741,6/15/2022
193,Ms,13.93,beauty,Shufflester,1038,4/2/2022
194,Rev,301.8,home goods,Jabbersphere,7760,2/19/2015
195,Mrs,664.35,clothing,Janyx,3712,3/28/2012
196,Rev,960.92,beauty,Meemm,1727,5/8/2016
197,Honorable,282.34,beauty,Divanoodle,5270,5/21/2019
198,Mr,226.57,beauty,Flashspan,5083,5/18/2018
199,Honorable,192.07,clothing,Voonyx,4544,12/13/2017
200,Mrs,215.03,toys,Browseblab,4859,4/17/2017
201,Dr,289.17,toys,Jaxbean,9600,3/22/2016
202,Mr,587.68,clothing,Edgeblab,5509,3/18/2018
203,Mr,746.01,clothing,Innotype,2936,9/11/2016
204,Mrs,786.32,clothing,Jaxworks,8071,3/9/2018
205,Ms,496.31,clothing,Realpoint,1801,3/29/2018
206,Mrs,463.87,clothing,Roombo,3459,6/3/2012
207,Rev,983.72,electronics,Innotype,6487,12/3/2020
208,Mr,35.4,clothing,Topicstorm,2411,7/12/2021
209,Dr,481.26,clothing,Rhybox,4550,5/8/2019
210,Dr,729.56,home goods,Voonte,8932,5/1/2010
211,Ms,520.0,toys,Flipbug,349,2/28/2013
212,Mr,497.29,beauty,Trilith,2355,3/30/2015
213,Dr,792.78,electronics,Eare,217,2/12/2012
214,Honorable,665.97,clothing,Bubblemix,4018,5/7/2010
215,Ms,25.51,toys,Aivee,9897,5/9/2018
216,Dr,47.47,beauty,Jabbercube,9554,8/13/2018
217,Mrs,390.45,electronics,Yombu,8628,6/13/2014
218,Mrs,990.68,electronics,Pixonyx,6291,8/18/2015
219,Dr,284.14,clothing,Zoovu,2440,9/19/2013
220,Dr,188.14,clothing,Yacero,5625,5/3/2015
221,Rev,405.92,beauty,Geba,584,12/31/2019
222,Mr,245.7,beauty,Youspan,8667,1/25/2021
223,Mr,98.73,beauty,Yambee,1414,9/6/2012
224,Mrs,367.47,home goods,Riffpath,2553,12/8/2015
225,Honorable,605.26,electronics,Jabbersphere,2006,9/14/2017
226,Mrs,20.36,beauty,Shufflebeat,676,9/7/2020
227,Dr,792.37,clothing,Myworks,6497,2/27/2018
228,Honorable,996.06,clothing,Yadel,7908,9/6/2017
229,Honorable,258.04,clothing,Gigabox,2359,7/29/2017
230,Ms,763.81,electronics,Ntag,4515,9/22/2022
231,Mr,689.73,electronics,Zoomcast,1865,3/9/2012
232,Mr,244.91,clothing,Feedfire,6945,8/3/2011
233,Honorable,550.37,clothing,Teklist,689,4/15/2016
234,Mr,397.33,clothing,Leenti,5399,1/2/2022
235,Dr,336.37,home goods,Wikizz,1530,3/5/2022
236,Mr,531.83,beauty,Zoomcast,4613,11/23/2020
237,Mr,830.54,electronics,Midel,6899,11/6/2012
238,Dr,151.33,electronics,Twinder,5151,1/7/2017
239,Dr,343.77,toys,Eadel,9233,1/17/2020
240,Ms,172.04,beauty,Innojam,9566,7/28/2010
241,Ms,666.08,electronics,Blogtag,5141,12/3/2010
242,Mrs,317.48,home goods,Edgeify,5714,5/5/2014
243,Ms,663.74,clothing,Blogpad,2873,5/27/2014
244,Mrs,953.34,toys,Topdrive,3885,6/2/2011
245,Rev,63.57,clothing,Thoughtsphere,5601,11/18/2012
246,Dr,179.52,clothing,Voonte,4682,10/20/2014
247,Mrs,892.61,toys,Mycat,4428,1/13/2022
248,Rev,860.29,toys,Skiba,1834,1/24/2011
249,Ms,319.31,toys,Devbug,6802,10/14/2011
250,Honorable,858.28,home goods,Thoughtsphere,2106,1/7/2018
251,Honorable,103.98,toys,Reallinks,7573,6/17/2018
252,Mr,53.82,home goods,Jaloo,3002,9/13/2012
253,Dr,372.07,electronics,Flashspan,4303,3/20/2022
254,Honorable,327.94,electronics,Thoughtstorm,9283,2/22/2011
255,Mr,369.23,beauty,Gabtune,6497,2/17/2020
256,Dr,837.03,beauty,Trupe,2514,2/23/2016
257,Honorable,945.97,clothing,Quinu,6671,10/21/2018
258,Rev,57.35,beauty,Realpoint,9246,7/4/2014
259,Rev,229.65,home goods,Feedfish,4428,10/31/2011
260,Mrs,758.22,electronics,Leexo,9075,6/4/2013
261,Honorable,781.76,home goods,Zoomzone,4129,2/14/2018
262,Honorable,504.9,toys,Layo,8067,2/13/2019
263,Mrs,401.56,electronics,Kanoodle,388,4/27/2012
264,Mr,483.35,clothing,Centidel,7952,8/11/2019
265,Mrs,794.0,beauty,Mybuzz,4308,10/20/2016
266,Rev,639.13,electronics,Thoughtstorm,1553,4/5/2022
267,Mr,350.86,beauty,Gigaclub,397,2/13/2012
268,Mrs,436.89,electronics,Skalith,9550,3/28/2019
269,Honorable,133.5,electronics,Jabbercube,2642,8/24/2018
270,Honorable,668.6,home goods,Jabberstorm,9064,6/14/2022
271,Mrs,634.52,clothing,Zoovu,563,8/16/2019
272,Mr,870.82,electronics,Jaxworks,9069,3/14/2016
273,Dr,917.79,electronics,Fivebridge,4440,12/20/2012
274,Rev,235.68,beauty,Voonte,7224,9/3/2019
275,Ms,876.8,clothing,Skalith,5024,7/18/2018
276,Mrs,88.5,toys,Dynava,2790,8/10/2012
277,Mr,478.38,clothing,Twinder,1527,8/10/2022
278,Honorable,729.38,toys,Yata,6687,9/2/2021
279,Dr,833.87,home goods,Photobean,5495,9/22/2018
280,Mr,694.88,electronics,Trudoo,1768,4/7/2020
281,Mr,527.67,home goods,Agimba,8136,6/10/2018
282,Ms,299.42,clothing,Rhyloo,6007,7/10/2013
283,Honorable,964.86,electronics,Quimm,2681,7/14/2020
284,Ms,789.05,toys,Layo,3685,6/15/2020
285,Mr,214.03,clothing,Bubblebox,6128,10/13/2021
286,Honorable,707.8,beauty,Jabberstorm,6701,4/23/2018
287,Honorable,960.06,electronics,Avaveo,9034,6/28/2019
288,Ms,241.03,clothing,Dabtype,376,4/20/2014
289,Mr,174.36,clothing,Jayo,8938,4/22/2016
290,Mr,970.43,beauty,Photojam,6788,3/26/2021
291,Honorable,115.41,beauty,Mydo,7049,9/28/2015
292,Rev,112.09,electronics,Kimia,1095,6/12/2013
293,Dr,921.42,electronics,Podcat,818,3/13/2020
294,Rev,689.76,home goods,Meembee,5501,2/28/2012
295,Honorable,634.95,home goods,Skalith,8894,8/10/2016
296,Honorable,309.51,home goods,Gigabox,4686,5/15/2013
297,Mr,194.5,clothing,Kazu,9551,5/14/2018
298,Mr,570.13,home goods,Riffpedia,8229,11/28/2018
299,Dr,561.45,home goods,Oyoyo,2739,12/25/2011
300,Ms,552.7,home goods,Babbleopia,8323,10/26/2018
301,Honorable,358.36,toys,Twitterbeat,8473,11/24/2017
302,Mrs,43.8,toys,Jabbertype,8599,2/7/2015
303,Mrs,274.42,toys,Jaxnation,7409,3/9/2015
304,Dr,541.26,electronics,Geba,7771,10/6/2016
305,Dr,457.06,toys,Zoozzy,3825,3/15/2020
306,Mrs,174.41,electronics,Yodoo,8296,7/31/2011
307,Mr,670.43,clothing,Dazzlesphere,2453,10/1/2015
308,Honorable,846.88,electronics,Edgeify,4535,3/4/2010
309,Dr,297.94,home goods,Centidel,6084,1/12/2022
310,Mr,915.24,electronics,Devify,7665,11/15/2018
311,Rev,705.57,toys,Quatz,1740,10/3/2010
312,Mr,845.34,electronics,Roodel,5138,6/2/2020
313,Honorable,525.92,toys,Vidoo,8670,2/10/2020
314,Mrs,224.83,electronics,Zoomlounge,1723,11/16/2022
315,Mrs,931.93,toys,Avamba,2548,8/7/2019
316,Ms,773.07,beauty,Browsetype,2609,1/16/2013
317,Ms,306.53,beauty,Trupe,5729,8/10/2021
318,Honorable,721.02,toys,Janyx,7895,12/3/2020
319,Mrs,690.43,beauty,Centidel,171,6/14/2011
320,Mr,139.47,toys,Skimia,2701,4/8/2011
321,Dr,254.76,electronics,Zazio,5742,8/28/2021
322,Rev,602.78,home goods,Tagchat,505,9/23/2021
323,Rev,887.92,beauty,Voomm,3459,2/5/2017
324,Mr,564.43,toys,Oyoyo,4438,7/15/2022
325,Rev,439.84,clothing,Eayo,4779,7/27/2016
326,Rev,975.58,toys,Lazz,954,5/21/2017
327,Mrs,253.54,clothing,Twitterwire,5516,6/28/2014
328,Mr,243.64,beauty,Rhyzio,7299,4/8/2019
329,Mrs,757.94,beauty,Skibox,1419,2/25/2021
330,Mr,547.72,home goods,Tanoodle,6279,7/28/2020
331,Mrs,300.76,electronics,Miboo,242,3/2/2020
332,Honorable,370.62,toys,Zooveo,8351,3/20/2014
333,Dr,733.88,home goods,Browseblab,7564,5/17/2022
334,Dr,453.95,home goods,Mynte,6355,1/5/2017
335,Mr,567.62,home goods,Edgeblab,8774,5/26/2013
336,Dr,566.15,electronics,Devcast,5277,5/22/2019
337,Mrs,941.28,electronics,Zoomdog,576,3/24/2019
338,Mrs,748.43,electronics,Babbleset,646,6/3/2012
339,Honorable,232.91,clothing,Zooveo,6801,11/25/2013
340,Rev,819.6,electronics,Flipstorm,7959,12/31/2018
341,Mrs,165.69,beauty,Gabvine,732,10/30/2017
342,Mr,382.75,home goods,Flipopia,9729,3/19/2014
343,Mrs,174.46,toys,Twitternation,9229,12/7/2017
344,Honorable,111.6,clothing,Muxo,4719,10/21/2016
345,Rev,767.47,clothing,Roodel,290,1/24/2010
346,Rev,34.77,toys,Oodoo,3140,1/27/2017
347,Mrs,982.95,clothing,Reallinks,2220,4/6/2017
348,Mr,128.5,beauty,Centizu,1737,7/18/2017
349,Mr,36.75,clothing,Realcube,5631,9/11/2015
350,Rev,195.6,beauty,Youspan,5708,7/1/2011
351,Mrs,214.33,beauty,Zooxo,256,2/15/2021
352,Mr,682.15,clothing,Trupe,9819,6/3/2011
353,Honorable,537.76,beauty,Eimbee,9581,7/22/2021
354,Mr,630.33,clothing,Skalith,4592,5/22/2016
355,Ms,22.16,electronics,Photospace,7035,4/30/2015
356,Rev,583.76,electronics,Wordware,9161,7/21/2011
357,Ms,675.71,beauty,JumpXS,5541,11/25/2019
358,Mrs,420.2,beauty,Jaxnation,6397,5/3/2022
359,Dr,857.19,clothing,Skinix,1816,5/11/2018
360,Mr,948.64,beauty,Tagchat,7968,3/21/2020
361,Rev,948.12,electronics,Yata,9865,6/15/2014
362,Rev,399.34,toys,Nlounge,6199,2/21/2020
363,Honorable,142.02,electronics,Einti,7303,3/12/2013
364,Dr,810.64,clothing,Centidel,481,3/15/2012
365,Mrs,875.2,toys,Innotype,7882,4/25/2017
366,Ms,336.02,clothing,Trudoo,3187,2/24/2019
367,Mr,217.59,toys,Twimbo,2328,11/20/2014
368,Mr,670.34,clothing,Janyx,1094,6/20/2016
369,Mr,409.38,home goods,Browsedrive,7922,4/2/2020
370,Honorable,323.46,home goods,Twimbo,7946,6/5/2021
371,Honorable,219.13,home goods,Voomm,1315,6/2/2019
372,Dr,501.35,toys,Kazu,2085,8/12/2011
373,Honorable,960.91,electronics,Minyx,9503,8/15/2017
374,Ms,654.67,beauty,Mydo,9407,1/3/2010
375,Dr,608.77,electronics,Zooveo,8190,8/14/2012
376,Ms,990.62,beauty,Meeveo,2849,5/30/2013
377,Dr,981.43,beauty,Yodo,6789,11/19/2014
378,Dr,462.39,beauty,Centidel,5105,8/22/2013
379,Rev,117.55,toys,Eayo,8295,9/1/2014
380,Mr,798.73,electronics,Photobean,846,10/31/2018
381,Honorable,301.18,clothing,Brainbox,6020,4/15/2022
382,Mrs,834.96,electronics,Quinu,5465,5/5/2018
383,Dr,576.43,home goods,Aibox,1440,5/11/2020
384,Honorable,795.04,beauty,Skyvu,6616,10/25/2022
385,Mrs,956.0,home goods,Youbridge,9274,5/8/2015
386,Honorable,349.7,beauty,Meezzy,3851,6/2/2016
387,Honorable,446.27,electronics,JumpXS,4297,1/9/2010
388,Dr,84.79,clothing,Demizz,7436,2/16/2010
389,Honorable,387.33,toys,Realcube,7858,4/2/2022
390,Rev,606.9,toys,Demivee,4347,11/23/2015
391,Honorable,78.83,toys,Buzzster,3879,7/21/2021
392,Mr,602.97,home goods,Abatz,3233,11/4/2020
393,Dr,129.93,toys,Oyoba,85,3/12/2017
394,Mrs,805.43,electronics,Livepath,9280,4/30/2017
395,Rev,690.75,toys,Wordify,7765,6/19/2011
396,Honorable,782.19,electronics,Trunyx,5107,12/9/2020
397,Rev,123.87,home goods,Abatz,3423,2/27/2012
398,Honorable,537.52,beauty,Feedfish,3288,8/21/2011
399,Honorable,381.36,clothing,Fatz,2026,11/22/2010
400,Dr,89.37,clothing,Zoombox,3660,1/25/2018
401,Dr,207.87,toys,Browseblab,4378,12/12/2013
402,Mr,190.21,electronics,Yabox,488,7/27/2010
403,Ms,671.55,toys,Divanoodle,4816,2/20/2015
404,Ms,82.02,electronics,Viva,3553,5/6/2020
405,Dr,532.6,electronics,Kwimbee,1658,1/21/2017
406,Honorable,379.28,clothing,Topicshots,5129,2/8/2013
407,Honorable,802.8,toys,Topiclounge,3516,2/15/2022
408,Honorable,445.82,clothing,Meemm,9570,5/30/2012
409,Mrs,992.11,beauty,Linkbridge,3081,1/20/2019
410,Honorable,170.35,toys,Roombo,1107,9/13/2011
411,Honorable,927.85,home goods,Demimbu,7183,5/9/2020
412,Rev,207.78,beauty,Voomm,8311,10/7/2011
413,Honorable,942.47,electronics,Livepath,4437,2/6/2014
414,Ms,518.25,electronics,Kwimbee,3791,6/8/2019
415,Dr,943.36,toys,Midel,5066,3/20/2010
416,Ms,259.69,toys,Oyonder,2463,10/24/2014
417,Honorable,944.44,toys,Kazu,3903,10/9/2013
418,Mrs,93.71,home goods,Oyoyo,1229,1/23/2017
419,Ms,363.13,toys,Kazu,486,10/25/2015
420,Ms,945.3,beauty,Geba,750,12/19/2012
421,Mrs,108.39,clothing,Shuffletag,1549,6/21/2017
422,Honorable,903.58,home goods,Yoveo,1976,12/20/2019
423,Ms,418.06,electronics,Shuffletag,4369,9/18/2017
424,Mr,162.09,toys,Topicstorm,6693,7/23/2022
425,Honorable,827.19,home goods,Kanoodle,9942,11/7/2021
426,Honorable,578.32,electronics,Skinder,1743,4/28/2014
427,Rev,720.87,electronics,Topiczoom,8150,11/2/2011
428,Ms,602.05,clothing,Kwideo,6526,5/14/2018
429,Dr,752.56,home goods,Photojam,4040,5/28/2014
430,Mrs,845.39,home goods,Jayo,5796,10/11/2021
431,Mr,53.09,toys,Shufflebeat,3556,10/18/2020
432,Dr,472.61,home goods,Dazzlesphere,644,9/12/2019
433,Rev,204.95,beauty,Tagchat,2580,6/22/2011
434,Honorable,958.15,toys,Realcube,3223,6/26/2022
435,Rev,598.03,toys,Ooba,7767,9/2/2022
436,Mrs,934.03,clothing,Tagcat,9142,9/3/2019
437,Honorable,514.7,clothing,Roodel,554,12/23/2012
438,Rev,772.44,clothing,Jayo,3276,7/5/2010
439,Mrs,713.26,toys,Ozu,4115,11/11/2011
440,Dr,787.73,clothing,Realfire,381,7/5/2021
441,Honorable,932.33,home goods,Izio,8528,5/9/2019
442,Ms,133.63,clothing,Rooxo,8296,7/10/2018
443,Dr,224.32,clothing,Camido,3820,3/5/2012
444,Mr,758.86,toys,Linkbridge,9537,7/19/2019
445,Dr,401.28,beauty,Rooxo,4504,5/9/2020
446,Rev,639.97,beauty,Buzzdog,8393,3/30/2015
447,Honorable,1.37,clothing,Brainverse,4242,12/27/2016
448,Dr,662.48,beauty,Gigashots,7418,10/6/2021
449,Rev,223.62,electronics,Skivee,6099,1/30/2016
450,Dr,468.18,toys,Oyoloo,815,10/21/2011
451,Honorable,751.82,electronics,Kwideo,1115,10/5/2018
452,Ms,295.45,electronics,Oba,4921,10/20/2014
453,Ms,967.92,clothing,Gigaclub,2967,8/22/2020
454,Rev,307.56,home goods,Yacero,5130,8/27/2010
455,Ms,963.86,home goods,Jetwire,1481,12/24/2014
456,Mr,869.85,home goods,Miboo,9514,6/6/2018
457,Mr,665.15,beauty,Thoughtstorm,223,10/28/2022
458,Rev,957.61,toys,Devpulse,9518,6/5/2010
459,Rev,658.94,toys,Linkbuzz,8304,11/4/2017
460,Mrs,83.98,clothing,Oyoloo,9785,7/16/2010
461,Mr,784.65,electronics,Teklist,3221,6/29/2011
462,Dr,422.53,toys,Wikizz,5814,1/13/2011
463,Mr,727.41,toys,Minyx,2335,3/18/2020
464,Rev,339.63,electronics,Aibox,4073,11/27/2020
465,Dr,865.24,electronics,Meembee,6302,4/29/2017
466,Mr,418.14,electronics,Oloo,6560,1/22/2022
467,Dr,991.79,beauty,Mudo,7850,7/31/2013
468,Honorable,91.77,beauty,Babbleset,7154,2/17/2017
469,Rev,972.72,home goods,Fatz,3909,5/13/2022
470,Ms,891.76,beauty,Tanoodle,4485,6/14/2020
471,Mr,939.05,electronics,Brainsphere,267,11/26/2010
472,Honorable,201.5,beauty,Jabberstorm,9658,2/6/2012
473,Rev,596.88,beauty,Vidoo,2770,1/15/2022
474,Honorable,492.96,clothing,Youfeed,5030,3/17/2016
475,Mr,185.61,home goods,Thoughtbridge,6874,10/25/2022
476,Ms,165.89,clothing,Quatz,2718,1/6/2018
477,Mr,407.51,home goods,Vipe,2792,4/19/2014
478,Mr,529.83,clothing,Zoonder,5533,12/19/2010
479,Dr,257.47,clothing,Linklinks,8463,11/27/2016
480,Rev,799.59,toys,Janyx,5627,3/23/2012
481,Ms,400.95,toys,Tazzy,5558,3/14/2021
482,Dr,963.27,clothing,Realpoint,7024,2/27/2014
483,Honorable,350.72,clothing,Centimia,3436,4/30/2016
484,Honorable,373.5,toys,Pixonyx,9935,7/20/2014
485,Ms,916.74,beauty,Miboo,9374,12/30/2016
486,Mrs,377.05,home goods,Rooxo,5155,11/24/2020
487,Dr,734.31,clothing,Fivespan,9159,6/20/2016
488,Mrs,642.66,clothing,Devify,5636,4/9/2019
489,Ms,336.27,beauty,Twinte,2183,12/30/2012
490,Mrs,661.82,toys,Tazz,689,6/22/2011
491,Honorable,19.45,home goods,Thoughtblab,2322,6/11/2017
492,Dr,705.72,toys,LiveZ,5325,1/29/2012
493,Ms,843.62,beauty,Livetube,389,3/30/2020
494,Dr,782.52,home goods,Aimbu,2358,10/16/2019
495,Dr,971.62,electronics,Jabbersphere,4290,10/26/2018
496,Honorable,650.17,clothing,Jetwire,2424,9/16/2018
497,Honorable,472.05,home goods,Photobug,714,2/6/2021
498,Rev,121.88,electronics,Mita,8537,9/13/2018
499,Mrs,75.78,beauty,Youtags,2465,7/29/2019
500,Rev,318.45,toys,Wikibox,7195,8/13/2014
501,Honorable,403.21,home goods,Myworks,9294,6/27/2016
502,Mrs,640.85,beauty,Gabtype,2741,11/23/2021
503,Mr,588.21,toys,Devbug,7359,4/30/2015
504,Mrs,8.74,electronics,Brainlounge,2179,12/19/2020
505,Honorable,644.34,toys,Topdrive,1106,10/28/2014
506,Mrs,343.33,home goods,Podcat,9208,9/10/2022
507,Honorable,553.6,home goods,Zazio,6504,8/5/2012
508,Mrs,432.32,clothing,Dabtype,7611,10/27/2011
509,Mr,364.52,clothing,Devpoint,8951,12/28/2011
510,Honorable,90.17,home goods,Izio,4334,10/7/2014
511,Dr,196.57,home goods,Twitterlist,6321,9/12/2020
512,Dr,764.25,toys,Aimbu,9145,1/5/2016
513,Mrs,566.91,toys,Topiclounge,4572,12/27/2013
514,Mr,943.67,toys,Aimbu,5799,11/22/2011
515,Honorable,349.83,electronics,Skibox,696,6/9/2012
516,Mr,745.08,electronics,Topdrive,5878,1/5/2013
517,Honorable,718.86,toys,Twinder,4880,1/30/2012
518,Ms,763.99,home goods,Tagtune,8340,12/23/2019
519,Mrs,397.77,beauty,Flipstorm,1294,7/31/2015
520,Dr,540.18,toys,Eidel,4887,4/17/2013
521,Mr,972.05,home goods,Jabbercube,3333,2/29/2016
522,Dr,526.4,beauty,Livetube,8509,5/20/2019
523,Mrs,495.04,electronics,Eire,2732,3/21/2015
524,Mr,720.86,beauty,Podcat,8261,4/12/2017
525,Rev,735.27,electronics,Skalith,6185,4/22/2021
526,Mr,775.08,toys,Meembee,6122,7/12/2017
527,Honorable,563.26,beauty,Jabberstorm,2646,1/2/2011
528,Rev,556.59,electronics,Dynava,3393,12/25/2012
529,Mrs,338.96,clothing,Quamba,1077,5/30/2022
530,Honorable,636.57,beauty,Aimbu,779,6/7/2020
531,Honorable,416.59,clothing,Zoomdog,3229,9/15/2022
532,Dr,841.05,toys,Oba,3488,12/31/2015
533,Rev,18.9,home goods,Oba,8818,4/28/2018
534,Mrs,417.36,home goods,Riffwire,5744,3/8/2019
535,Ms,179.55,electronics,Blognation,9424,8/15/2013
536,Ms,113.79,toys,Vitz,2097,3/5/2021
537,Honorable,709.5,electronics,Avavee,6029,5/3/2015
538,Dr,462.26,clothing,Buzzdog,4770,7/19/2022
539,Dr,922.17,clothing,Centidel,3778,2/13/2015
540,Honorable,704.01,electronics,Devbug,724,6/26/2013
541,Mr,927.55,beauty,Brainlounge,4804,11/18/2010
542,Ms,301.95,beauty,Miboo,5585,5/2/2021
543,Honorable,837.56,electronics,Shuffletag,4164,5/17/2012
544,Dr,362.34,toys,Photobug,3349,6/14/2016
545,Mrs,925.27,electronics,Meemm,2359,3/31/2013
546,Rev,833.13,electronics,Devpoint,1791,11/9/2010
547,Honorable,872.63,electronics,Trupe,3204,8/11/2012
548,Honorable,55.86,beauty,Kayveo,280,1/6/2022
549,Rev,830.72,clothing,Quamba,4051,3/2/2016
550,Mr,286.24,electronics,Jayo,6840,12/3/2016
551,Rev,720.43,beauty,Thoughtbridge,7616,10/31/2021
552,Rev,778.91,toys,Skajo,2328,10/29/2011
553,Honorable,962.39,clothing,BlogXS,6578,2/4/2015
554,Mrs,0.08,electronics,Wordware,3379,9/6/2016
555,Rev,601.2,clothing,Yoveo,7142,6/10/2020
556,Mrs,916.21,home goods,Zoomzone,6639,9/21/2019
557,Mr,717.64,beauty,Voomm,298,1/10/2020
558,Mrs,850.66,beauty,Jabberstorm,5635,7/29/2018
559,Rev,585.06,home goods,Edgepulse,2667,12/19/2020
560,Dr,935.52,home goods,Linkbuzz,9935,7/26/2016
561,Mrs,229.43,home goods,Riffwire,2365,9/19/2010
562,Ms,6.81,home goods,Topiczoom,6654,2/22/2010
563,Mrs,35.36,toys,Tagopia,754,7/5/2012
564,Rev,919.94,beauty,Dabjam,7374,6/2/2014
565,Rev,141.38,beauty,Rhyloo,4466,6/17/2020
566,Mr,578.54,toys,Geba,2699,12/5/2011
567,Honorable,168.35,beauty,Jatri,1137,9/5/2014
568,Mrs,663.09,home goods,Agimba,5843,6/6/2015
569,Dr,637.37,beauty,Skiba,4486,4/2/2016
570,Honorable,608.1,beauty,Topicstorm,1660,10/3/2014
571,Dr,686.15,toys,Flipstorm,8711,3/31/2015
572,Rev,194.12,beauty,Babblestorm,1581,10/21/2022
573,Mr,551.68,clothing,Realblab,5520,1/12/2021
574,Rev,685.1,electronics,Mynte,9316,3/10/2021
575,Dr,749.69,electronics,Trupe,4283,7/12/2019
576,Dr,339.99,toys,Babblestorm,8286,6/9/2012
577,Honorable,831.29,toys,Pixonyx,5296,2/6/2017
578,Ms,46.79,beauty,Lajo,8657,12/14/2013
579,Mrs,129.5,electronics,Flipopia,4023,7/13/2010
580,Mrs,451.58,clothing,Photofeed,95,7/6/2014
581,Rev,836.99,clothing,Aimbu,176,1/21/2021
582,Ms,210.04,clothing,Shuffledrive,2796,1/27/2017
583,Rev,70.03,home goods,Brainlounge,9030,3/18/2017
584,Mr,766.69,toys,Ntags,4416,9/16/2013
585,Ms,670.71,electronics,Leenti,9008,6/10/2015
586,Mrs,391.66,electronics,Oyonder,4970,5/26/2013
587,Mrs,482.96,clothing,Dabtype,7013,1/13/2012
588,Rev,135.68,clothing,LiveZ,6493,9/5/2015
589,Dr,41.74,beauty,Linkbuzz,483,12/27/2016
590,Honorable,47.38,home goods,Tambee,3854,3/8/2014
591,Mr,159.91,beauty,Aimbu,7835,5/5/2017
592,Dr,312.05,electronics,Skyvu,3028,2/1/2012
593,Mr,152.03,clothing,Flashset,3419,1/30/2021
594,Dr,962.17,beauty,Wikibox,9519,5/29/2018
595,Ms,483.28,clothing,Wikibox,5218,9/22/2022
596,Ms,497.14,home goods,Leexo,610,1/22/2011
597,Mr,844.11,home goods,Yakidoo,873,7/8/2012
598,Dr,236.24,home goods,Gevee,3951,2/9/2021
599,Ms,673.36,clothing,Buzzbean,7624,2/9/2016
600,Mr,776.3,toys,Demimbu,8525,11/18/2013
601,Mrs,147.16,beauty,Brainsphere,6574,4/20/2011
602,Rev,388.82,clothing,Yodoo,8643,12/25/2019
603,Dr,883.14,clothing,Lajo,7391,1/10/2019
604,Dr,899.97,beauty,Meetz,7054,8/28/2021
605,Honorable,417.75,home goods,Skyndu,4520,5/19/2017
606,Mrs,108.98,home goods,Feedfish,5533,3/1/2018
607,Mrs,970.82,beauty,Skajo,651,8/18/2011
608,Mr,8.68,clothing,Kayveo,5936,4/3/2016
609,Ms,625.91,toys,Yamia,2509,12/11/2016
610,Ms,232.77,clothing,Youtags,5975,2/1/2021
611,Mr,584.62,electronics,Twitterbeat,5457,9/18/2013
612,Mr,655.31,beauty,Miboo,637,10/26/2010
613,Mrs,575.1,beauty,Wikibox,9856,4/21/2013
614,Rev,530.64,beauty,Rhyloo,8563,12/16/2020
615,Dr,990.29,clothing,Browseblab,9800,8/12/2011
616,Rev,981.51,clothing,Devbug,4650,8/3/2021
617,Rev,50.6,beauty,Flipopia,8384,2/4/2012
618,Honorable,978.9,electronics,Viva,6762,6/24/2013
619,Honorable,585.46,toys,Zoombox,2331,2/12/2017
620,Mrs,813.67,toys,Buzzshare,752,3/21/2016
621,Dr,602.1,clothing,Meezzy,1657,8/22/2020
622,Honorable,450.16,clothing,Aibox,1773,10/22/2010
623,Honorable,755.12,electronics,Ailane,4686,7/3/2019
624,Mr,665.25,home goods,Mynte,9761,3/8/2014
625,Honorable,733.52,electronics,Avamba,769,11/10/2014
626,Mrs,269.76,electronics,Innojam,4532,4/13/2021
627,Dr,353.06,home goods,Babbleset,6334,2/12/2018
628,Honorable,928.54,clothing,Skyba,1139,8/12/2012
629,Honorable,45.02,electronics,Linkbridge,8807,5/11/2014
630,Mr,390.83,electronics,Skalith,533,5/13/2021
631,Dr,542.78,home goods,Thoughtsphere,7472,6/11/2022
632,Honorable,171.67,clothing,Aivee,8568,5/29/2018
633,Rev,850.78,toys,Centidel,8077,8/16/2019
634,Dr,274.3,toys,Youbridge,1398,2/7/2016
635,Mr,270.89,electronics,Zoovu,9924,10/1/2012
636,Rev,805.75,beauty,Pixonyx,8523,10/18/2020
637,Mr,207.35,beauty,Dynazzy,283,4/23/2016
638,Rev,946.28,toys,Ntag,1217,11/4/2015
639,Mrs,9.1,electronics,Realcube,3665,5/13/2017
640,Dr,131.85,clothing,Youbridge,89,8/28/2015
641,Ms,110.47,electronics,Gevee,3516,5/10/2018
642,Dr,679.87,toys,Centizu,5718,1/25/2018
643,Mrs,361.83,beauty,Twitterbridge,1919,4/26/2012
644,Mr,215.25,toys,Talane,5664,8/6/2015
645,Ms,790.73,home goods,Topiclounge,7584,6/20/2017
646,Ms,58.48,electronics,Jatri,2150,4/13/2013
647,Mr,751.68,home goods,Quamba,5310,4/22/2014
648,Ms,303.06,toys,Yakitri,8374,3/9/2021
649,Ms,851.33,electronics,Topicblab,3209,12/5/2013
650,Rev,818.47,clothing,Yakitri,1908,3/10/2014
651,Mrs,427.36,beauty,Yodoo,659,11/20/2011
652,Mrs,295.34,toys,Plambee,7537,12/8/2014
653,Mr,985.13,beauty,Oyoba,3857,12/29/2019
654,Honorable,548.25,home goods,Yodoo,8958,1/14/2014
655,Mrs,332.45,clothing,Browsecat,2227,7/7/2012
656,Ms,599.74,beauty,Einti,5656,9/14/2015
657,Mrs,400.15,home goods,Devify,471,1/12/2013
658,Mrs,2.25,electronics,Devpulse,6460,5/8/2022
659,Rev,953.59,clothing,Flashspan,5300,2/11/2022
660,Honorable,703.91,home goods,Wordify,851,8/14/2018
661,Dr,998.13,home goods,Divavu,3692,1/31/2020
662,Mr,438.01,beauty,Twitternation,4325,7/12/2016
663,Honorable,292.74,toys,Voomm,3309,11/9/2018
664,Dr,995.19,home goods,InnoZ,375,12/26/2019
665,Rev,914.74,beauty,Kwinu,4613,9/19/2022
666,Ms,164.43,home goods,Skinix,692,9/24/2018
667,Mrs,586.11,beauty,Tagchat,9152,10/11/2014
668,Ms,915.15,clothing,Jabberbean,1105,10/2/2017
669,Ms,408.11,beauty,Blogtags,1690,1/13/2014
670,Dr,41.69,toys,Skibox,4411,5/17/2017
671,Mr,0.05,electronics,Edgepulse,6642,10/4/2010
672,Mrs,609.22,toys,Oyoloo,5764,7/6/2011
673,Rev,835.28,electronics,Kamba,4044,3/20/2012
674,Mr,624.23,clothing,Blogtag,8913,2/15/2014
675,Dr,839.38,beauty,Yozio,3072,9/17/2012
676,Honorable,5.66,clothing,Riffpedia,1256,6/9/2011
677,Mrs,794.08,beauty,Jabberstorm,4682,11/12/2017
678,Ms,928.77,beauty,Fatz,4806,3/13/2011
679,Honorable,494.75,beauty,Kimia,1829,10/31/2018
680,Rev,404.72,beauty,Meemm,4520,10/22/2014
681,Rev,577.13,toys,Skinder,7169,1/27/2011
682,Dr,232.51,beauty,Jayo,6774,12/24/2019
683,Ms,663.77,clothing,Jabberbean,6236,6/5/2020
684,Rev,542.91,electronics,Wordpedia,252,1/27/2021
685,Ms,602.97,clothing,Wordify,7016,11/18/2015
686,Rev,171.41,beauty,Jamia,4697,12/16/2014
687,Ms,339.7,beauty,Photolist,547,2/19/2022
688,Mrs,525.25,toys,Blogspan,4601,2/14/2018
689,Honorable,475.63,toys,Zooxo,8348,11/3/2015
690,Honorable,247.76,clothing,Innojam,1646,2/4/2010
691,Rev,496.6,electronics,Fivespan,6551,11/24/2016
692,Mrs,158.31,beauty,Dabvine,6737,2/12/2018
693,Mrs,236.28,beauty,Lajo,434,5/15/2016
694,Rev,440.65,electronics,Voonder,5771,7/2/2020
695,Honorable,998.35,toys,Vipe,2490,11/20/2021
696,Mr,489.47,toys,Yata,61,5/22/2016
697,Dr,257.63,home goods,Flipbug,7980,8/21/2014
698,Ms,915.48,home goods,Divavu,2169,1/7/2016
699,Dr,163.54,beauty,Browsebug,4416,1/12/2014
700,Mrs,378.58,clothing,Rooxo,4984,8/5/2020
701,Mrs,508.17,electronics,InnoZ,592,4/26/2016
702,Dr,722.2,home goods,Trudoo,3482,3/21/2019
703,Mr,768.24,beauty,Jaxnation,9374,12/19/2020
704,Honorable,175.72,beauty,Centizu,3851,11/14/2018
705,Ms,870.44,clothing,Dabshots,3951,7/10/2021
706,Mrs,788.6,clothing,Topicstorm,7083,8/12/2022
707,Mrs,569.39,toys,Midel,1860,9/2/2022
708,Honorable,352.38,beauty,Ainyx,7449,4/4/2010
709,Mr,67.5,clothing,Thoughtmix,6655,6/5/2021
710,Mr,249.26,toys,Jetwire,8244,8/4/2011
711,Rev,345.12,electronics,Innotype,6952,9/9/2013
712,Honorable,47.7,electronics,Tambee,5392,11/4/2015
713,Honorable,110.05,beauty,Vimbo,5376,2/9/2018
714,Honorable,213.52,electronics,Aivee,1271,11/26/2013
715,Mr,446.67,home goods,Avavee,4530,4/24/2011
716,Dr,577.46,home goods,Kwinu,8205,7/22/2020
717,Honorable,306.12,clothing,Flipopia,1691,8/31/2010
718,Dr,407.93,electronics,Wikizz,141,2/21/2020
719,Honorable,514.58,beauty,Skipstorm,2656,9/18/2020
720,Mr,794.76,clothing,Abata,996,10/6/2012
721,Honorable,530.91,electronics,Miboo,3449,7/5/2010
722,Rev,439.36,home goods,Rooxo,2324,2/10/2021
723,Dr,467.59,home goods,Chatterpoint,2825,3/5/2012
724,Rev,878.63,toys,Devbug,5004,3/29/2021
725,Mrs,278.34,electronics,Youspan,4431,2/17/2017
726,Rev,752.08,electronics,Eazzy,4863,7/23/2020
727,Rev,48.58,electronics,Jaxworks,9955,7/3/2018
728,Honorable,18.58,home goods,Tanoodle,2939,1/27/2016
729,Mrs,270.85,home goods,Wikido,6642,4/27/2011
730,Ms,216.52,home goods,Kwimbee,4739,2/13/2016
731,Dr,144.17,toys,Thoughtblab,8815,12/22/2022
732,Mr,882.87,beauty,Tagcat,7508,5/4/2012
733,Dr,252.39,home goods,Aimbu,691,8/14/2013
734,Honorable,33.4,electronics,Skyvu,2843,11/26/2012
735,Honorable,581.85,electronics,Zoomcast,1102,9/14/2021
736,Mr,673.98,clothing,Myworks,8612,11/13/2015
737,Mrs,28.53,electronics,Eazzy,374,7/27/2016
738,Mr,648.96,home goods,Cogibox,4148,6/4/2012
739,Dr,608.1,toys,Innojam,793,7/19/2012
740,Rev,72.41,home goods,Skipstorm,8692,2/3/2010
741,Mr,822.23,beauty,Lazz,6118,4/25/2018
742,Ms,86.41,electronics,Bubblemix,3303,8/11/2016
743,Dr,177.9,electronics,Twimbo,2373,2/16/2022
744,Ms,614.85,electronics,Agimba,3971,11/9/2017
745,Mr,722.67,electronics,Feedmix,3519,8/29/2012
746,Honorable,119.97,toys,Twitterworks,7976,4/5/2013
747,Mr,189.49,toys,Feedmix,6202,8/15/2019
748,Honorable,823.21,toys,Meevee,9380,1/16/2012
749,Ms,570.76,toys,Jamia,132,6/11/2010
750,Mr,342.62,home goods,Riffpedia,6285,1/1/2012
751,Ms,854.84,home goods,Dablist,712,1/20/2012
752,Mrs,525.61,clothing,Fiveclub,9813,11/28/2019
753,Honorable,638.99,home goods,Jetwire,5668,1/31/2017
754,Mr,208.51,electronics,Jaxspan,2917,2/18/2022
755,Rev,606.61,toys,Livepath,6683,7/9/2013
756,Mr,79.67,beauty,Dabjam,5391,6/12/2021
757,Rev,777.22,electronics,Gabtype,4672,1/13/2011
758,Mr,503.2,electronics,Gabtune,6723,5/12/2013
759,Ms,981.41,toys,Riffpedia,3136,1/13/2018
760,Ms,769.09,beauty,Dabfeed,9517,6/3/2014
761,Honorable,699.67,toys,Twinder,6889,9/27/2018
762,Mrs,922.66,clothing,Katz,145,1/18/2010
763,Dr,951.32,clothing,Wikizz,1705,9/2/2021
764,Rev,767.98,home goods,Minyx,9353,9/14/2020
765,Ms,137.97,beauty,Devify,6400,10/5/2018
766,Rev,240.85,toys,Dablist,6537,6/8/2014
767,Honorable,464.13,toys,Leenti,8683,12/3/2019
768,Mr,34.21,beauty,Lazz,2736,9/5/2014
769,Rev,80.42,electronics,Yambee,440,8/14/2015
770,Mr,705.09,home goods,Browsezoom,5446,6/24/2015
771,Rev,911.14,electronics,Photofeed,1740,1/31/2012
772,Mrs,76.2,clothing,Mydeo,4463,3/20/2018
773,Rev,107.5,home goods,Zooxo,8215,12/17/2016
774,Rev,197.91,clothing,Eayo,7889,1/14/2015
775,Ms,151.03,toys,Rhycero,4981,4/11/2020
776,Mr,803.72,beauty,Yodo,8860,6/17/2010
777,Honorable,236.17,electronics,Dabshots,343,1/9/2019
778,Honorable,946.37,clothing,Yakitri,2195,9/2/2022
779,Ms,778.66,electronics,Rhyloo,8336,3/4/2018
780,Dr,151.03,electronics,Devpoint,9333,1/19/2017
781,Mr,604.49,beauty,Flashpoint,6282,2/28/2015
782,Dr,46.64,clothing,Wikivu,5486,1/23/2022
783,Dr,590.81,beauty,Quinu,9932,1/9/2022
784,Ms,9.15,home goods,Dynabox,4819,10/2/2011
785,Honorable,441.93,toys,Realpoint,7425,1/12/2010
786,Mr,909.77,beauty,Skinte,533,2/4/2012
787,Mr,27.7,beauty,Twitternation,3341,3/4/2015
788,Mr,189.96,beauty,Flipbug,110,4/5/2019
789,Mr,58.3,electronics,Skiptube,6922,10/15/2018
790,Dr,48.74,clothing,Thoughtblab,6784,3/13/2020
791,Mr,23.93,home goods,Chatterbridge,457,12/14/2017
792,Ms,221.55,home goods,Meedoo,141,6/6/2021
793,Mr,305.87,home goods,Youopia,2522,2/12/2015
794,Ms,921.41,clothing,Rhynoodle,2341,6/22/2017
795,Mrs,740.0,beauty,Flashdog,3929,4/2/2018
796,Honorable,923.22,clothing,Flashspan,1194,10/12/2015
797,Mr,410.16,clothing,Tavu,3371,1/22/2019
798,Rev,148.28,clothing,Babbleset,5017,2/28/2015
799,Ms,522.25,home goods,Dynazzy,6478,2/18/2015
800,Mr,894.43,clothing,Eire,37,9/20/2022
801,Mr,862.53,home goods,Wikibox,7668,1/12/2021
802,Ms,489.0,toys,Gabtune,2542,11/24/2020
803,Honorable,789.15,electronics,Browseblab,9274,7/16/2014
804,Dr,252.15,beauty,Twitterwire,3160,10/8/2020
805,Mr,309.76,electronics,Youbridge,3668,11/2/2020
806,Mr,769.88,home goods,Mycat,1229,8/17/2012
807,Dr,380.63,beauty,Topicware,9109,9/21/2011
808,Ms,632.91,clothing,Plambee,5454,7/23/2021
809,Rev,439.11,beauty,Katz,8137,8/7/2019
810,Mr,113.28,toys,Rhynoodle,7194,12/29/2016
811,Mrs,158.71,clothing,Wordify,1904,9/5/2012
812,Mrs,975.07,electronics,Flipopia,6875,10/25/2012
813,Ms,883.25,electronics,Dabtype,526,12/22/2014
814,Mr,647.73,electronics,Tazzy,9511,5/29/2015
815,Dr,895.49,beauty,Yombu,1338,11/9/2010
816,Rev,988.31,home goods,Jabbersphere,4345,5/26/2021
817,Ms,520.33,electronics,Skiptube,5618,3/14/2015
818,Honorable,855.3,beauty,Rhyloo,845,1/23/2021
819,Honorable,107.35,home goods,Aimbo,4016,7/30/2011
820,Mr,935.45,clothing,Brightbean,3334,7/18/2020
821,Mrs,127.67,clothing,Flashset,5260,8/24/2013
822,Dr,389.37,toys,Livetube,6351,9/3/2015
823,Ms,597.65,electronics,Photospace,3132,12/1/2021
824,Mrs,663.74,toys,Fanoodle,6948,3/14/2012
825,Rev,981.45,home goods,Gabtune,924,3/10/2012
826,Mr,581.84,home goods,Realbuzz,8383,4/17/2014
827,Dr,922.14,electronics,Yozio,984,7/21/2021
828,Ms,32.35,toys,Aimbo,9103,8/11/2021
829,Ms,934.86,beauty,Livetube,7719,4/6/2016
830,Ms,674.53,electronics,Thoughtbridge,169,8/5/2022
831,Mr,415.14,toys,Thoughtbeat,1375,7/29/2022
832,Honorable,636.95,toys,Twinte,726,9/18/2020
833,Ms,246.59,toys,Katz,5625,4/17/2015
834,Honorable,346.79,electronics,Tavu,2848,12/20/2018
835,Honorable,840.38,toys,Twitterbeat,2019,10/29/2018
836,Mr,205.91,beauty,Jabbersphere,9029,5/19/2011
837,Mrs,484.86,home goods,Flipopia,4821,3/4/2012
838,Rev,253.88,beauty,Browsecat,4250,12/9/2022
839,Mr,578.77,clothing,Miboo,1755,8/23/2021
840,Mr,826.77,clothing,Bubblemix,3534,11/14/2019
841,Rev,675.79,toys,Devify,4216,6/24/2022
842,Dr,311.54,clothing,Mydeo,1178,6/21/2020
843,Dr,945.24,home goods,Tavu,5309,3/1/2017
844,Dr,771.98,electronics,Photobug,1487,9/7/2019
845,Rev,259.11,clothing,Oyondu,8884,12/15/2019
846,Dr,496.3,home goods,Yacero,1983,5/16/2021
847,Ms,76.66,beauty,Voolia,177,5/9/2010
848,Ms,704.26,electronics,Kanoodle,663,9/7/2017
849,Mrs,840.59,toys,Fliptune,1131,7/9/2020
850,Mr,705.86,home goods,Pixope,1869,11/21/2019
851,Honorable,409.64,electronics,Aivee,3485,1/8/2019
852,Mrs,114.31,electronics,Eamia,6145,8/29/2017
853,Dr,950.83,beauty,Eare,8238,8/22/2013
854,Mr,990.96,beauty,Skinder,1304,9/26/2012
855,Ms,658.41,clothing,Centimia,8898,3/7/2019
856,Mr,575.35,beauty,Voolith,7852,4/4/2016
857,Mr,318.31,home goods,Talane,4426,12/10/2018
858,Mrs,359.73,beauty,Wikizz,1124,5/17/2022
859,Ms,247.78,electronics,Twimbo,2454,4/5/2020
860,Rev,338.31,electronics,Jazzy,7677,4/4/2021
861,Dr,866.52,clothing,Voonix,1114,2/7/2014
862,Ms,879.63,home goods,Lazzy,7924,5/27/2020
863,Honorable,15.17,beauty,Jayo,2983,10/5/2020
864,Mr,841.5,clothing,Jabbersphere,4020,7/7/2012
865,Honorable,343.71,electronics,Thoughtstorm,884,8/2/2018
866,Mr,969.52,beauty,Jabberbean,5366,6/15/2014
867,Ms,186.11,home goods,Shuffletag,9548,5/13/2017
868,Mr,987.51,clothing,Yadel,9238,2/20/2015
869,Honorable,716.82,toys,Einti,2072,1/17/2011
870,Mrs,900.19,home goods,Jaloo,8411,3/31/2012
871,Mrs,733.25,home goods,Skipstorm,6162,2/9/2021
872,Mrs,672.79,beauty,Mymm,7988,9/18/2020
873,Ms,332.07,clothing,Twiyo,2638,6/19/2020
874,Rev,337.56,beauty,Npath,9356,6/11/2015
875,Rev,736.2,beauty,Oyoyo,5397,10/7/2022
876,Mrs,511.92,home goods,Voonyx,5084,11/12/2019
877,Ms,266.45,toys,Plambee,6534,2/6/2015
878,Mr,246.77,beauty,Jaxworks,3606,9/3/2017
879,Ms,872.12,toys,Thoughtbeat,9509,6/25/2012
880,Honorable,905.86,electronics,Agivu,4647,9/27/2016
881,Mr,339.58,toys,Agimba,258,3/26/2021
882,Mr,643.28,clothing,Riffpath,4261,9/12/2020
883,Dr,603.32,toys,Brightdog,9099,10/8/2012
884,Ms,533.46,toys,Tagopia,7119,10/26/2022
885,Dr,447.3,electronics,Agivu,8539,1/11/2020
886,Rev,88.32,toys,Thoughtbridge,3953,5/8/2021
887,Mrs,336.45,electronics,Feedbug,5151,3/2/2016
888,Mr,860.69,toys,Photojam,8612,8/6/2019
889,Dr,880.86,toys,Jabberbean,2145,8/9/2010
890,Rev,317.99,electronics,Topiczoom,484,12/27/2012
891,Honorable,353.03,clothing,Meevee,6154,9/25/2021
892,Mr,360.11,home goods,Gigashots,223,5/23/2013
893,Rev,231.19,home goods,Skyndu,4016,7/3/2015
894,Dr,773.7,clothing,Photospace,105,6/11/2014
895,Dr,299.19,home goods,Muxo,4651,5/11/2018
896,Honorable,46.72,home goods,Brainbox,5357,5/18/2013
897,Honorable,887.06,home goods,Jabberstorm,3962,7/30/2019
898,Dr,739.29,electronics,Shuffledrive,608,7/4/2013
899,Rev,833.72,electronics,Kwideo,2446,12/14/2014
900,Dr,911.88,toys,Rhyloo,5637,9/20/2017
901,Mr,717.76,beauty,Gabtune,5723,10/20/2011
902,Ms,631.48,beauty,Babblestorm,6908,7/17/2020
903,Rev,314.89,beauty,Edgeclub,6820,4/30/2021
904,Ms,975.81,electronics,Topicware,1120,4/18/2019
905,Mrs,583.69,home goods,Wikido,6499,2/3/2014
906,Honorable,58.8,clothing,Gabvine,5561,8/31/2017
907,Honorable,395.09,beauty,Tazz,4398,5/21/2018
908,Rev,180.83,beauty,Rooxo,4886,8/3/2011
909,Ms,728.16,home goods,Rooxo,3764,11/26/2014
910,Rev,177.47,toys,Eazzy,8037,2/23/2019
911,Honorable,255.89,home goods,Aimbo,9422,6/3/2017
912,Ms,281.7,toys,Skyba,4034,3/13/2015
913,Mrs,602.95,home goods,Fatz,4246,3/1/2010
914,Mr,769.97,clothing,Meeveo,6608,9/8/2017
915,Mr,87.75,beauty,Skiptube,9683,1/17/2019
916,Mr,678.97,electronics,Skippad,2365,3/28/2017
917,Ms,365.44,home goods,Pixope,1313,6/16/2021
918,Dr,134.52,beauty,Feednation,4531,6/25/2020
919,Ms,755.8,toys,Devbug,4617,7/30/2015
920,Mrs,798.22,electronics,Skyvu,2807,7/27/2020
921,Honorable,465.81,toys,Realfire,6611,9/15/2013
922,Ms,689.2,home goods,Livetube,9589,6/30/2021
923,Ms,476.51,electronics,Zoonder,378,11/2/2011
924,Mrs,938.2,clothing,Realpoint,2826,2/25/2010
925,Mr,251.04,beauty,Oyoba,3963,9/12/2012
926,Dr,962.19,toys,Meezzy,7120,3/5/2010
927,Ms,955.87,clothing,Lajo,5250,8/6/2011
928,Dr,506.73,home goods,Devpulse,6474,10/21/2017
929,Dr,17.13,beauty,Muxo,5279,12/10/2017
930,Rev,819.85,beauty,Eayo,8688,6/18/2017
931,Ms,835.25,electronics,Zoomdog,3423,6/18/2017
932,Mrs,990.18,home goods,Quinu,6392,4/4/2012
933,Ms,110.78,clothing,Dynava,4703,2/8/2020
934,Rev,940.72,electronics,Brightdog,67,1/13/2011
935,Ms,770.82,home goods,Oyoloo,3324,1/28/2016
936,Mrs,670.93,home goods,Katz,5644,8/1/2014
937,Ms,459.93,toys,Oyondu,9391,12/24/2016
938,Ms,137.16,beauty,Kanoodle,5985,12/29/2014
939,Mr,792.51,home goods,Zoombox,8620,4/13/2019
940,Mrs,621.32,clothing,Livetube,2143,4/30/2010
941,Mr,834.3,clothing,Kaymbo,1691,3/29/2011
942,Mrs,189.32,toys,DabZ,2125,2/9/2010
943,Rev,942.51,electronics,Rhyloo,6200,11/26/2014
944,Honorable,159.17,toys,Yakitri,5417,10/18/2011
945,Ms,166.92,clothing,Janyx,8106,9/3/2011
946,Mr,349.06,beauty,Meemm,6023,12/22/2010
947,Honorable,399.67,clothing,Tagpad,4567,1/12/2013
948,Honorable,593.11,beauty,Aimbo,841,9/28/2010
949,Ms,601.17,clothing,Trilith,6077,2/3/2019
950,Honorable,365.44,beauty,Wordify,2557,12/20/2017
951,Honorable,44.22,clothing,Quire,763,2/15/2012
952,Mrs,14.67,clothing,Oozz,1333,2/6/2011
953,Mrs,196.78,electronics,Vidoo,1471,4/22/2014
954,Mrs,996.97,home goods,Topicshots,8177,10/26/2022
955,Ms,67.42,clothing,Katz,1647,9/9/2015
956,Mrs,130.0,toys,Fadeo,3257,4/6/2017
957,Ms,86.77,toys,Voonder,9096,12/5/2017
958,Mrs,352.2,toys,Kamba,9472,10/1/2014
959,Dr,105.12,electronics,Jabbertype,2963,3/3/2011
960,Rev,637.19,clothing,Avamba,3425,11/27/2013
961,Honorable,30.18,beauty,Twitterlist,7513,2/27/2020
962,Ms,145.61,electronics,Omba,2159,5/28/2011
963,Mrs,414.19,beauty,Oba,9388,7/12/2013
964,Honorable,874.41,electronics,Eidel,2632,2/2/2017
965,Honorable,383.24,toys,Trupe,5832,6/27/2022
966,Rev,787.03,home goods,Youspan,4088,11/8/2018
967,Rev,401.33,electronics,Zoombeat,1722,3/19/2017
968,Ms,487.06,toys,Yacero,6361,7/1/2018
969,Honorable,513.4,beauty,Thoughtsphere,3089,8/27/2022
970,Mrs,645.22,beauty,Skiptube,4537,3/29/2021
971,Dr,655.4,home goods,Flashdog,7578,6/5/2021
972,Ms,746.98,beauty,Photojam,462,3/24/2018
973,Ms,148.29,clothing,Gabspot,5599,10/19/2011
974,Rev,832.88,home goods,Abatz,3941,7/23/2022
975,Dr,401.85,beauty,Aimbo,6251,5/3/2021
976,Honorable,967.08,electronics,Yotz,4360,12/5/2010
977,Rev,296.17,home goods,Trupe,813,9/4/2013
978,Rev,488.01,toys,Voonte,9304,9/4/2013
979,Ms,767.68,home goods,Zoomcast,1369,1/1/2011
980,Ms,814.12,electronics,Meevee,4051,12/24/2016
981,Rev,9.66,beauty,Dynazzy,7914,4/11/2016
982,Rev,674.11,home goods,Quaxo,6024,4/9/2012
983,Rev,761.52,beauty,Topicshots,887,6/5/2019
984,Honorable,451.37,home goods,Voonix,9842,10/26/2019
985,Mr,969.32,electronics,Divape,4909,11/25/2015
986,Honorable,173.79,beauty,Mynte,8245,2/8/2017
987,Ms,625.29,electronics,Miboo,9342,11/5/2018
988,Mrs,214.85,electronics,Shufflester,2159,8/1/2018
989,Mr,449.57,home goods,Oba,5376,8/30/2013
990,Rev,23.99,toys,Dabjam,5958,11/28/2017
991,Rev,271.42,toys,Realblab,3502,7/18/2021
992,Honorable,87.51,toys,Oyoyo,9730,10/21/2018
993,Dr,944.78,home goods,Jaxbean,1259,8/18/2010
994,Dr,299.73,clothing,Kwilith,5534,11/26/2021
995,Rev,257.08,toys,Dynabox,9692,7/20/2010
996,Rev,11.8,electronics,Ntag,3731,4/25/2016
997,Mr,288.07,home goods,Quimm,3310,1/21/2013
998,Dr,347.64,toys,Oozz,6260,4/18/2021
999,Dr,752.02,electronics,Ntags,8051,11/30/2020
1000,Mr,334.64,toys,Tagopia,2201,8/2/2010
